target,candidate,n_probes,baseline_log2_expression,log2_variance_all_six,qualifies,distance
PPP2R5A,PRRC2C,1,10.020289967666667,-4.48188669126235,False,0.01721833692346133
PPP2R5A,CDC25B,1,10.094777156666666,-4.551628916094397,True,0.03615954748512613
PPP2R5A,MBD4,1,10.086274376666667,-4.40675480313437,False,0.038775819677992276
PPP2R5A,GSTT1,1,9.988769665,-4.53463436245298,True,0.03935641857035721
PPP2R5A,FOXJ3,1,10.120204223333333,-4.46711977073016,False,0.046027028431886496
PPP2R5A,CARD11,1,10.026322506333335,-4.6350423472487225,True,0.05235938673473128
PPP2R5A,SLMAP,1,10.161869953333333,-4.544755943304794,True,0.07339958606156724
PPP2R5A,AP3D1,1,10.162371783333334,-4.432547172090546,False,0.07439343042648136
PPP2R5A,MLST8,1,10.1519934,-4.358384234505555,False,0.08042880247898082
PPP2R5A,NUP153,1,9.989473066666667,-4.284968093667542,False,0.08192158523354995
PPP2R5A,PPP1R7,1,9.990627546666667,-4.281183608417734,True,0.08282449233296435
PPP2R5A,SMIM7,1,10.158567893333334,-4.6286515730849604,False,0.08425605047230823
PPP2R5A,REXO4,1,10.130493786666667,-4.680353151629326,False,0.08436102386879518
PPP2R5A,SCO2,1,9.907397724333334,-4.396405523349774,False,0.09327356063043965
PPP2R5A,PI4KAP1,1,9.916261618333332,-4.643476603266686,False,0.09746489201154693
PPP2R5A,AVPI1,1,10.005442361666667,-4.760662932110345,False,0.09880130154713085
PPP2R5A,RNF20,1,9.974242909,-4.2142301068881025,True,0.10866991361817407
PPP2R5A,UBAP2L,1,10.170364359999999,-4.7230125190606245,False,0.11193871327330826
PPP2R5A,RBM5,1,10.227210046666666,-4.457315431720374,False,0.11220913763447135
PPP2R5A,ASF1B,1,10.071069582666667,-4.177675386141418,False,0.11268340432259943
PPP2R5A,MRPL9,1,9.882032457,-4.356725279493099,False,0.1133044349105033
PPP2R5A,PCCA,1,9.871844180000002,-4.60194549634217,True,0.11564470314809902
PPP2R5A,KIAA1324L,1,10.172094543333335,-4.7586086207798095,True,0.12217428331209514
PPP2R5A,FAM102B,1,9.895345049666666,-4.27259561175341,True,0.12239804832664052
PPP2R5A,HIST1H3H,1,9.860691937,-4.611027341160365,True,0.12324583283365166
PPP2R5A,TRMT12,1,10.249202983333333,-4.383457468734564,False,0.1309910331111591
PPP2R5A,TCEB3,1,9.916487929666667,-4.193144596082482,False,0.13370939608613688
PPP2R5A,NSMCE2,1,9.990387534333335,-4.8591162811805,True,0.13498976749376423
PPP2R5A,PIAS4,1,10.168350193333334,-4.8168552564792435,False,0.13752623598487118
PPP2R5A,FOXJ2,1,9.824281946666666,-4.454376044299258,True,0.13904185058044571
PPP2R5A,SURF1,1,9.989899717,-4.0989521706110015,False,0.1441622202807329
PPP2R5A,CPD,1,10.042659856666667,-4.07991816762859,True,0.14646937747658184
PPP2R5A,AAED1,1,9.811260355666668,-4.395535923220802,False,0.1504405498635341
PPP2R5A,SPOUT1,1,10.288200066666667,-4.561116511554206,False,0.15133578548835927
PPP2R5A,NCAPD2,1,10.207770339999998,-4.813743880618017,True,0.15141283794790267
PPP2R5A,BPHL,1,9.967627538,-4.087056347334679,True,0.15217423757017326
PPP2R5A,ZBED4,1,9.851462923,-4.231654844755044,True,0.15276076709746356
PPP2R5A,PRDM4,1,10.059366008,-4.924304342158758,True,0.15360426187311763
PPP2R5A,TTC1,1,9.85223481,-4.759055414212068,True,0.15371814953336024
PPP2R5A,TM9SF3,1,9.815267902666667,-4.323641399856768,False,0.15593778076285822
PPP2R5A,PPP1R2,1,10.297015116666666,-4.5689337346014,True,0.15719077528670264
PPP2R5A,SETMAR,1,9.878592035333334,-4.142826632544882,False,0.16236857240452657
PPP2R5A,UCK2,1,10.290437886666666,-4.662296275570496,False,0.16237907444112412
PPP2R5A,NUDT14,1,9.849481354666667,-4.799293844887092,False,0.16418735366914822
PPP2R5A,GEMIN6,1,9.836354183666666,-4.7826130636574335,False,0.16663165262755622
PPP2R5A,STARD8,1,9.929685769,-4.066470873953737,True,0.16791995767187162
PPP2R5A,ULBP1,1,9.773570845666667,-4.532608594117576,True,0.1704444077644475
PPP2R5A,MTURN,1,9.823966185666668,-4.211854527164917,False,0.1706546347637135
PPP2R5A,PGS1,1,9.967328986333333,-4.958046637946072,True,0.17270356439458465
PPP2R5A,ATP5SL,1,10.2349284,-4.853309226661342,False,0.17310659813381307
PPP2R5A,AAR2,1,9.909581008000002,-4.92187607345504,False,0.1748794723019861
PPP2R5A,CHCHD5,1,10.264334996666667,-4.1771034648704894,True,0.17501501826905513
PPP2R5A,WDR34,1,9.883195872,-4.898677412097719,True,0.17664259517763453
PPP2R5A,B4GALT7,1,9.885639708666666,-4.074634865839507,True,0.17906512346214096
PPP2R5A,FLYWCH2,1,9.761102033333334,-4.426975972233532,True,0.1790829092266111
PPP2R5A,COPG2,1,9.767463661,-4.6316824213095265,True,0.18054945477114986
PPP2R5A,ECT2,1,10.149881363333334,-4.010000136132885,True,0.18268265098871048
PPP2R5A,DDX41,1,10.196497676666667,-4.935956932206924,True,0.1826940397198559
PPP2R5A,GALNT11,1,10.032503998666666,-3.977784458455868,False,0.18294392578322538
PPP2R5A,ZDHHC14,1,9.930123959,-4.014064357641495,True,0.18474957057025
PPP2R5A,SPHK2,1,10.30158648,-4.216180394754676,True,0.18565410459404702
PPP2R5A,ECHDC3,1,9.787870886999999,-4.215909823216183,False,0.18853265915787376
PPP2R5A,VPS52,1,9.919597664,-4.009590014877654,False,0.18885730037161222
PPP2R5A,SMAD4,1,9.944764060333334,-4.995297047378045,True,0.18964137515238802
PPP2R5A,KIF20A,1,10.249776516666667,-4.08817770360998,False,0.1906529879084676
PPP2R5A,C9orf69,1,10.269519956666665,-4.863492713165041,True,0.19067597775770945
PPP2R5A,POLR3B,1,9.765457211,-4.708330771009738,False,0.19096565832318133
PPP2R5A,NFE2L1,1,9.835661634666666,-4.884458344903471,True,0.19142937932081752
PPP2R5A,ALKBH3,1,9.951244874999999,-3.9777855888128633,True,0.1921981131664263
PPP2R5A,C1orf112,1,9.788496875999998,-4.792380803385186,False,0.19273168788240896
PPP2R5A,AHSA2,1,9.786202045333333,-4.190150976514155,True,0.19431457655312231
PPP2R5A,EIF2AK2,1,10.225998383333334,-4.040162982017562,True,0.19506036817888647
PPP2R5A,TMEM79,1,9.979237694666667,-5.029567019956196,True,0.19543498201208728
PPP2R5A,NMI,1,10.046033065666666,-3.941122748474171,False,0.19573172803292832
PPP2R5A,SUPT4H1,1,10.025999915,-3.931201972161642,False,0.19969486718614887
PPP2R5A,SLC25A46,1,10.142488506666668,-3.9530464198593602,False,0.20037049574569038
PPP2R5A,QSOX2,1,9.749394075333333,-4.267597818626797,False,0.20132311615082754
PPP2R5A,DOLPP1,1,9.724966343,-4.378788196490175,False,0.20400823645281116
PPP2R5A,UBE2J1,1,9.719044168666668,-4.529409958025218,True,0.20408722783556624
PPP2R5A,MUS81,1,10.18552607,-3.9690059919140914,True,0.20462328929359358
PPP2R5A,GRAMD1A,1,10.310263143333334,-4.841557850338723,False,0.2048544446811525
PPP2R5A,NARS2,1,10.329623423333333,-4.189453665944111,True,0.20543633310548964
PPP2R5A,ITGAE,1,10.38099651,-4.499700304135331,False,0.20692027366780913
PPP2R5A,MTFR1,1,10.105926593333333,-5.066380451344126,True,0.20708585169070004
PPP2R5A,MXD4,1,9.836961587333333,-4.032067195992067,True,0.20915783511828087
PPP2R5A,SLC35A4,1,10.065164133333333,-5.082167219680179,False,0.20977585014212402
PPP2R5A,BOD1,1,9.806075279333333,-4.076086806818172,False,0.21035549248075014
PPP2R5A,ZBTB22,1,9.710196085333333,-4.42150608886193,False,0.21065322335056047
PPP2R5A,POC1B,1,10.38884271,-4.476029919685442,False,0.21184852388709607
PPP2R5A,FDX1L,1,9.870756433666665,-5.002897666500568,False,0.21186524988034902
PPP2R5A,PIGT,1,10.385747983333333,-4.409501392119264,True,0.21189935496500314
PPP2R5A,NRBF2,1,9.729282736,-4.722790625205931,True,0.21361833557592957
PPP2R5A,LRRC8D,1,9.820779424333333,-4.033997131690728,True,0.2150447656409236
PPP2R5A,TFB1M,1,10.372582386666666,-4.278492428887087,True,0.2155009997575879
PPP2R5A,KIF20B,1,10.062612416666665,-3.879377124314258,False,0.21786169182621765
PPP2R5A,PAQR3,1,10.233454296666666,-3.9648416462172182,False,0.2199984759104298
PPP2R5A,MRPL48,1,10.403703256666667,-4.49448815488921,False,0.22098833046069116
PPP2R5A,C12orf45,1,9.746205127333333,-4.154620490073559,False,0.2219872503308595
PPP2R5A,GPT2,1,10.330635173333333,-4.109404073033816,True,0.22214094664391043
PPP2R5A,LMNB1,1,10.107787693333334,-5.11269628190733,True,0.22348841049591286
PPP2R5A,FAM32A,1,10.408104703333334,-4.507967037087851,False,0.22378623704103334
PPP2R5A,UBR2,1,10.246610246666666,-5.020090710956833,True,0.22449850401957416
PPP2R5A,BFAR,1,10.365952126666667,-4.794931582200981,True,0.22491573745335003
PPP2R5A,TNFRSF1A,1,9.844945412333333,-5.026059861673988,False,0.22738067549748958
PPP2R5A,GRSF1,1,10.30292981,-4.030071205915605,False,0.2281659766469347
PPP2R5A,ARFGAP2,1,9.768441912,-4.072573177856357,False,0.22836857730467403
PPP2R5A,C11orf74,1,9.932043555333335,-3.8778920208584347,False,0.22961765338109746
PPP2R5A,CRIPT,1,9.722392280666666,-4.804797807423841,False,0.23011698397481917
PPP2R5A,CYB5R1,1,10.271236833333333,-5.011288578673601,True,0.23074911175130972
PPP2R5A,FASTKD5,1,9.699631849,-4.723805776936419,False,0.2308406509697494
PPP2R5A,FDPS,1,10.347324376666668,-4.107353533426523,True,0.23084419171655815
PPP2R5A,YPEL5,1,10.37735539,-4.1912031200722755,True,0.23089260964395983
PPP2R5A,RNF220,1,9.943106049333334,-3.862323142577652,False,0.2328791488138792
PPP2R5A,TMEM101,1,10.421562273333334,-4.547376724445536,False,0.23288718558837793
PPP2R5A,SMAD6,1,10.264505873333334,-3.956915836032836,False,0.2329749669586546
PPP2R5A,LINC00221,1,9.957456121,-3.853803901234309,False,0.23350200539818783
PPP2R5A,KIAA0430,1,10.267995476666668,-5.028818720455912,True,0.23457332797999667
PPP2R5A,COX14,1,9.668801832999998,-4.4810481899856995,False,0.23485650763996704
PPP2R5A,CDR2,1,10.10893895,-5.145686223864911,True,0.23516141347792888
PPP2R5A,ZMYND19,1,10.39238206,-4.768548811163145,False,0.23538701574818802
PPP2R5A,HSDL2,1,10.051803609999999,-5.155846002596707,True,0.23566766314621637
PPP2R5A,MRPS2,1,10.41685469,-4.695664142489233,False,0.24025796048210557
PPP2R5A,VAMP3,1,10.416820686666666,-4.282343651787564,False,0.24094685947563996
PPP2R5A,POLG2,1,10.000793317333333,-3.818261805343112,True,0.24110083642250502
PPP2R5A,ZPR1,1,10.423125523333335,-4.676413526017852,True,0.24203436288638847
PPP2R5A,WASL,1,9.665734774333332,-4.641119650682613,True,0.24255453790676318
PPP2R5A,XPO7,1,9.936176851,-5.147409373756687,True,0.24266864386735773
PPP2R5A,SLC29A2,1,10.192003093333334,-3.857000303903755,True,0.24277635424792268
PPP2R5A,MTOR,1,10.43428625,-4.3656573931790295,False,0.2441322836995285
PPP2R5A,SMARCAL1,1,9.843842483666666,-5.088925079190016,False,0.24665082557401252
PPP2R5A,CNOT10,1,10.437109163333334,-4.345363265148984,True,0.2472730783947342
PPP2R5A,SHTN1,1,9.767865113,-4.990569565448604,True,0.24773933617321772
PPP2R5A,BCS1L,1,9.954897544666666,-5.172281534561941,False,0.24821128817086383
PPP2R5A,PFDN1,1,10.436550076666668,-4.656440079302046,False,0.24830068989534698
PPP2R5A,RALBP1,1,9.758079873666667,-4.006713546577134,True,0.24887059893016772
PPP2R5A,C7orf26,1,10.240622060000002,-3.8752062100675833,True,0.2497660261763655
PPP2R5A,HAUS1,1,9.786852072666667,-5.032018802071591,True,0.25071121852339895
PPP2R5A,BRPF3,1,9.764027652000001,-3.9881072162497806,False,0.25089571164404384
PPP2R5A,GGA2,1,9.643711886666667,-4.538092097795852,False,0.250912333644102
PPP2R5A,RABEP1,1,9.787058889999999,-5.039338359880435,True,0.25262207469760295
PPP2R5A,KIF14,1,10.440415806666667,-4.691076865573892,True,0.2537752697941224
PPP2R5A,M6PR,1,9.917657453666665,-5.175087761640969,False,0.2554900706819761
PPP2R5A,CCDC167,1,10.01596513,-3.770208456641696,False,0.25716668841443074
PPP2R5A,RAB35,1,10.298030113333333,-5.073218520288076,True,0.25831451899005636
PPP2R5A,CDC5L,1,10.20224444,-3.814756283706897,False,0.259063974967185
PPP2R5A,SERTAD2,1,10.419089793333333,-4.827906066265413,True,0.2595202014831935
PPP2R5A,CBX5,1,9.62821853,-4.483888843243778,False,0.26001079219592127
PPP2R5A,STC2,1,10.359314373333333,-4.0001614894970325,False,0.26070548249115605
PPP2R5A,IBTK,1,10.297180339999999,-5.083344740622067,True,0.2608822654241941
PPP2R5A,STK3,1,10.130084216666667,-3.7698670229107107,True,0.2616222839747319
PPP2R5A,TSEN2,1,10.449237173333334,-4.71695885527984,False,0.26168962385073213
PPP2R5A,GNE,1,9.645559371,-4.725232511632654,False,0.26260975166562167
PPP2R5A,WSB2,1,10.119337820333334,-5.223987730241195,False,0.2636530313466993
PPP2R5A,UBR4,1,9.840326424666666,-3.8368349746992845,False,0.26584941746040325
PPP2R5A,LDAH,1,9.625506706666666,-4.636056100892049,True,0.26661077398842103
PPP2R5A,SLC5A6,1,10.41808022,-4.108271303752265,False,0.267306646008897
PPP2R5A,SMIM4,1,10.475389583333333,-4.3962089961677115,False,0.26763247868553763
PPP2R5A,GNPTG,1,9.615381317333332,-4.4749546901002075,True,0.26802638309745747
PPP2R5A,EDC4,1,10.37392875,-4.986688479452037,False,0.268034318866189
PPP2R5A,HIST1H3F,1,9.640523578666667,-4.217054679826198,True,0.27062765485260104
PPP2R5A,C7orf49,1,10.30800173,-5.106457004028266,False,0.27147234516968655
PPP2R5A,SPATA5L1,1,9.718156971333334,-3.9829346726249666,False,0.2728006263345496
PPP2R5A,PGM2,1,9.783277031999999,-3.8767585474213857,False,0.2731627847562266
PPP2R5A,VPS72,1,9.614824974666666,-4.643009701584744,False,0.27358866377971713
PPP2R5A,EXOSC6,1,10.181180436666667,-5.227212209915315,False,0.2738669566234734
PPP2R5A,KAT2A,1,9.983426953333334,-3.719156618894853,False,0.2774090009167808
PPP2R5A,ACTN1,1,10.459368463333332,-4.798717175332836,False,0.2777220516272769
PPP2R5A,UQCC3,1,9.599901698000002,-4.543803311288003,True,0.27815928105688903
PPP2R5A,RAF1,1,10.246559806666667,-5.200304084739058,False,0.28014232024959
PPP2R5A,ADAT1,1,9.626878665,-4.20099769121237,True,0.2805879852058624
PPP2R5A,KTI12,1,9.708263622999999,-3.9692151760993912,False,0.2806248217765732
PPP2R5A,REEP5,1,9.944544148,-3.7222556778553,False,0.28079922386195416
PPP2R5A,SNRPD1,1,9.777200215,-3.8569390802872965,False,0.2810579637652516
PPP2R5A,MTR,1,9.953014236333333,-5.267841830597391,False,0.2815781785849787
PPP2R5A,NECAP2,1,10.26794003,-5.188827020822563,True,0.282663212090535
PPP2R5A,ARHGAP19,1,10.381058936666667,-5.03965327257934,True,0.28392254914755327
PPP2R5A,EIF4EBP2,1,9.623062414666665,-4.190279399014392,False,0.2842039782267088
PPP2R5A,SEC16A,1,9.858296095,-3.762319227167298,False,0.28452870596284713
PPP2R5A,CHCHD1,1,10.295868683333333,-5.169825757397583,False,0.28573496592397823
PPP2R5A,SRBD1,1,9.618723228999999,-4.804069689824464,True,0.2880175648975386
PPP2R5A,TPRG1L,1,9.623439907666667,-4.8302685375084335,False,0.28905704208003524
PPP2R5A,TM9SF4,1,10.446836826666667,-4.070487024645373,False,0.2895025938168845
PPP2R5A,ABRACL,1,10.42940366,-4.020750670425593,False,0.2901285622107402
PPP2R5A,CTNNBL1,1,10.292054203333334,-5.190517673540472,False,0.29070795456634996
PPP2R5A,TM6SF1,1,10.339629676666666,-5.1343621705866225,True,0.29128074788192226
PPP2R5A,ZFAND2A,1,10.265871143333333,-5.223797655544123,True,0.29299725203979793
PPP2R5A,UFSP2,1,10.5086783,-4.296974699710738,False,0.29438279479970725
PPP2R5A,C14orf2,1,10.507068746666667,-4.284966796378605,False,0.2944498555211454
PPP2R5A,SRRD,1,9.860320653,-5.254543549802801,True,0.29452351026148826
PPP2R5A,MUM1,1,10.154752473333332,-5.305563296654253,False,0.2963953418552811
PPP2R5A,AP3M2,1,10.136147683333334,-5.315989901352724,True,0.2976564744749203
PPP2R5A,LACTB2,1,10.34926954,-3.8402527302613,True,0.2977742264348462
PPP2R5A,TMEM116,1,10.047209969999999,-5.33500714207512,True,0.299276970718545
PPP2R5A,RBM17,1,9.811803078666665,-3.753553931912191,False,0.3002936068768735
PPP2R5A,NIPSNAP1,1,10.254702153333334,-5.256825727594888,True,0.3004159466366305
PPP2R5A,SMNDC1,1,10.390766713333333,-5.094229929001047,False,0.30174675105437576
PPP2R5A,RASSF7,1,10.431597776666669,-5.021582992572201,True,0.30350357221726265
PPP2R5A,MEA1,1,9.563954694,-4.347357705754422,False,0.3042367030488468
PPP2R5A,MRPS5,1,10.516073803333333,-4.74588780406397,True,0.30431574678167966
PPP2R5A,RAB9A,1,10.537560386666668,-4.534804775811523,True,0.30438437089693293
PPP2R5B,GPATCH1,1,7.5471801743333335,-11.656717938221178,False,0.15320226781056032
PPP2R5B,MIR219A2,1,7.487020488333333,-11.655915093061992,False,0.18888150118167432
PPP2R5B,B3GNT4,1,7.514708759333334,-11.47900834054358,False,0.2002551325700362
PPP2R5B,RCAN3,1,7.430052982333334,-11.742365790875251,False,0.2181146891466285
PPP2R5B,ECE1,1,8.128101139333333,-11.956429436663992,False,0.22283585059692093
PPP2R5B,SMCR5,1,7.681010896666667,-12.404463288335132,False,0.2233006538092937
PPP2R5B,LIN52,1,8.122795931333334,-11.593965670182708,False,0.22475156545128486
PPP2R5B,MIR1267,1,7.383001251666666,-11.839675779941865,False,0.246738337605091
PPP2R5B,LINC00854,1,7.461650282333333,-12.22126603117602,False,0.24781029047313108
PPP2R5B,FEM1B,1,7.939284493333333,-11.149033273742527,False,0.25135760759159037
PPP2R5B,MIR1206,1,7.370453783333333,-11.805428322262895,False,0.2541252139803649
PPP2R5B,SMTNL1,1,7.371934419666666,-11.957711570192346,False,0.2593206702309679
PPP2R5B,CUL7,1,7.714494221,-11.074473204270696,False,0.2608515065843284
PPP2R5B,ZNF574,1,7.567039154,-11.159333894408496,False,0.263129586667411
PPP2R5B,EXT1,1,7.8093675156666675,-11.045428856625492,False,0.26857734418681856
PPP2R5B,OR52B6,1,7.354279491333333,-11.96844575252103,False,0.27083910885478424
PPP2R5B,IRF2BP1,1,7.703827606666667,-11.048203797363655,False,0.27114668647605317
PPP2R5B,TM4SF1,1,7.341475266333333,-11.827556114821244,False,0.2722673209977214
PPP2R5B,TMEM169,1,7.351302523333334,-11.963898911318156,False,0.27229047901282616
PPP2R5B,ZIC3,1,7.332942506999999,-11.656164614965817,False,0.28204698810240314
PPP2R5B,ARPIN,1,7.326165487666667,-11.871926245495311,False,0.28274332184736717
PPP2R5B,KRT79,1,7.327980284666666,-11.983470969300146,False,0.28793088284300344
PPP2R5B,ATP10B,1,7.318862437666667,-11.695262486147685,False,0.28852367020088704
PPP2R5B,GABPB1-AS1,1,7.329292474333333,-11.585254795030698,False,0.2898588004374046
PPP2R5B,TRIM46,1,7.333888860666666,-12.050699999522895,False,0.290763365182389
PPP2R5B,MIRLET7D,1,7.391165099666666,-11.342146371706065,False,0.2909447289358505
PPP2R5B,CCL3L3,1,7.352696959333333,-11.401938612045557,False,0.3004614834101284
PPP2R5B,C20orf141,1,7.313656299666666,-12.035192863315212,False,0.3011602541605814
PPP2R5B,VRTN,1,7.291094758,-11.742625624399103,False,0.30402223777271864
PPP2R5B,HIST1H3J,1,7.4117266410000004,-11.23134118915603,False,0.3049625213683312
PPP2R5B,C2,1,7.322633789666667,-11.45970259018713,False,0.30843696058386627
PPP2R5B,LOC100130872,1,7.3105037013333325,-12.088833166703681,False,0.3088332060994745
PPP2R5B,SIGIRR,1,7.277482444666667,-11.844923917703403,False,0.31218976415851746
PPP2R5B,LOC101928370,1,7.416619670999999,-11.190924850185612,False,0.31245367885497244
PPP2R5B,FAM231C,1,7.565077047333333,-11.004000450703497,False,0.3125768837436619
PPP2R5B,RGL3,1,7.352489982666666,-11.320162297094562,False,0.3152761125706908
PPP2R5B,MST1,1,7.512976171999999,-11.040532381197997,False,0.31655039468998447
PPP2R5B,PADI2,1,7.331097785,-11.37179484627365,False,0.31733468687040045
PPP2R5B,TTTY4B,1,7.300151501999999,-11.488365125503595,False,0.3176245921221613
PPP2R5B,GALNT13,1,7.272062055666666,-11.921933959811032,False,0.318105054002927
PPP2R5B,STAB1,1,7.268002959,-11.704029132889826,False,0.31948396192894024
PPP2R5B,NEUROG1,1,7.297207122,-12.118971327066896,False,0.32025134365389857
PPP2R5B,CHST8,1,7.287300395,-12.073192948003884,False,0.3207193849377251
PPP2R5B,NUGGC,1,7.278958532,-11.573952585142688,False,0.3210630605114784
PPP2R5B,DCTN1-AS1,1,7.377073108333334,-11.231490681019773,False,0.3213501085887028
PPP2R5B,LALBA,1,7.2607104563333325,-11.720906897989764,False,0.3234060228336376
PPP2R5B,HAR1A,1,7.262695985333333,-11.931138761856575,False,0.3243143561654042
PPP2R5B,PTPN21,1,7.263473029666667,-11.652259789415696,False,0.32473675986246153
PPP2R5B,OR52N1,1,7.260211834333333,-11.681977689160862,False,0.3252053206998134
PPP2R5B,FAM124A,1,7.2854128183333335,-11.48415302723771,False,0.32671922608770415
PPP2R5B,GP9,1,7.255349235666667,-11.701747716052184,False,0.3273738563076247
PPP2R5B,REG1B,1,7.252450294,-11.754262657106533,False,0.32771007488270454
PPP2R5B,OR4S2,1,7.260355706666666,-11.618667270720994,False,0.3287719552803951
PPP2R5B,EDAR,1,7.248661443,-11.765143279401823,False,0.32988963328589627
PPP2R5B,SMCR8,1,7.352221160333333,-11.248225479196634,False,0.3299189436651387
PPP2R5B,CTXN2,1,7.257414780666667,-11.975118581775444,False,0.3301392172208807
PPP2R5B,INSL4,1,7.248811013,-11.861655575837162,False,0.3302914002825364
PPP2R5B,GPR6,1,7.245749387,-11.77823678303629,False,0.33155359490720315
PPP2R5B,RFFL,1,7.262034971666666,-12.039885278514118,False,0.33246327650785396
PPP2R5B,OR52N5,1,7.4131692603333335,-11.116407253271742,False,0.33278385878345973
PPP2R5B,MIR483,1,7.242265261,-11.764390708757684,False,0.3338640063376473
PPP2R5B,SLC38A4,1,7.2860008636666675,-12.176318144082785,False,0.3343679427442077
PPP2R5B,TEX37,1,7.251791830333333,-11.598508155865217,False,0.335436154815273
PPP2R5B,B3GALT2,1,7.284329280333334,-12.179886254415763,False,0.3358255914479196
PPP2R5B,CYP2B7P,1,7.238757203000001,-11.844275678650057,False,0.3361684082805838
PPP2R5B,GPC5,1,7.270934962666668,-11.475421144218341,False,0.3362177227303317
PPP2R5B,SLAMF9,1,7.308455406,-12.27165334301948,False,0.3371264487301863
PPP2R5B,APOD,1,7.313314335666667,-11.303276860148308,False,0.3390568442607849
PPP2R5B,PHEX,1,7.248677935333333,-11.564547656743896,False,0.34008578566156933
PPP2R5B,OR1L6,1,7.232216015,-11.850435494475661,False,0.3403292075193831
PPP2R5B,HENMT1,1,7.315346038666667,-11.279531114223118,False,0.3424580501853666
PPP2R5B,TAAR6,1,7.262152643,-11.462646763687632,False,0.34289830095410123
PPP2R5B,MIR643,1,7.252431833,-12.089819347165632,False,0.34312008955008294
PPP2R5B,LENG8,1,7.424064005666668,-12.539978922250677,False,0.3432795149531629
PPP2R5B,BCL9,1,8.298654702666667,-12.138810636981217,False,0.3433555633712704
PPP2R5B,VWA7,1,7.286517770666667,-12.246570601247955,False,0.3448135492122697
PPP2R5B,NPVF,1,7.226282128,-11.714816913254285,False,0.344866857566807
PPP2R5B,GCM2,1,7.2271137183333325,-11.902620991649709,False,0.34495282889557943
PPP2R5B,FAM9A,1,7.223910581000001,-11.81290330722479,False,0.34503917385558974
PPP2R5B,PYDC2,1,7.237361252333333,-11.583668190716395,False,0.3453198314094658
PPP2R5B,GSTO2,1,7.840662835333333,-10.833196073754761,False,0.34537988185881124
PPP2R5B,SRY,1,7.291345595666666,-11.325557981003787,False,0.34685320088441746
PPP2R5B,MURC,1,7.229312277666668,-11.614354481967268,False,0.34796055219167726
PPP2R5B,ASB18,1,7.2410168666666666,-11.528168876737332,False,0.3480530924774298
PPP2R5B,RAET1L,1,7.252787338,-12.13712442546497,False,0.34832095841135474
PPP2R5B,C3orf79,1,7.3268442726666665,-11.218830292880606,False,0.348783045176101
PPP2R5B,EVX1,1,7.259532521666666,-11.42280322408641,False,0.34959488435284125
PPP2R5B,MTMR7,1,7.227853889333333,-11.601642267463989,False,0.34972998350771894
PPP2R5B,SCUBE2,1,7.227440646000001,-11.995638472695774,False,0.3497891546421238
PPP2R5B,MIR210,1,7.231965991666666,-11.558403172121162,False,0.35066966786929477
PPP2R5B,PCBP3,1,7.221082485,-11.651840267191215,False,0.35073139680514215
PPP2R5B,KIRREL3-AS2,1,7.4277228456666675,-11.02666133812067,False,0.35100870478756147
PPP2R5B,ADCY4,1,7.233315197666666,-11.539830481972531,False,0.3515339354628765
PPP2R5B,SUMO4,1,7.236324168333333,-12.087287165383525,False,0.35240184118159995
PPP2R5B,VNN1,1,7.222504374,-11.99930745734241,False,0.35304922747479267
PPP2R5B,KRT84,1,7.212182866,-11.882850689362005,False,0.35350941010676884
PPP2R5B,MIR181D,1,7.2105046,-11.766491999319594,False,0.353523753136649
PPP2R5B,MYL10,1,7.285809377666666,-11.298863267494834,False,0.354521347503982
PPP2R5B,PON3,1,7.258442965666667,-11.388978763464976,False,0.3549870132476453
PPP2R5B,P4HA3,1,7.250020132666667,-11.422640180897375,False,0.35507355767270404
PPP2R5B,GATA4,1,7.207352587333333,-11.791279685207163,False,0.35529197740005614
PPP2R5B,CDY2B,1,7.240221917333334,-12.137424786161665,False,0.3556856063970166
PPP2R5B,MIR200A,1,7.286885703333334,-12.313616239470896,False,0.3561961518742168
PPP2R5B,SFTPD,1,7.237477798666666,-11.469350589447892,False,0.3564867898639761
PPP2R5B,KRTAP5-9,1,7.205315621,-11.840761846724632,False,0.35683575705949816
PPP2R5B,MIR648,1,7.235398196999999,-11.47097307737831,False,0.3575161768133688
PPP2R5B,DYTN,1,7.248293748333334,-11.408725265314825,False,0.3579544365807533
PPP2R5B,KLKB1,1,7.213828562333333,-11.599060576316516,False,0.35843635218357667
PPP2R5B,KRTAP5-10,1,7.282029240333333,-11.287998309420571,False,0.3584924957434481
PPP2R5B,DACT2,1,7.204881882333333,-11.69479746398388,False,0.3587612026372942
PPP2R5B,OR10P1,1,7.200564643,-11.806148470752229,False,0.359495258486904
PPP2R5B,PHOX2A,1,7.270442619000001,-11.31790925813065,False,0.3595264475025214
PPP2R5B,C11orf88,1,7.2392372646666665,-11.435302910631801,False,0.35963188639004307
PPP2R5B,HCAR2,1,7.198383259666667,-11.80484361568235,False,0.36084568762378744
PPP2R5B,IRGQ,1,7.221496411666666,-11.516096579297253,False,0.36087518750198155
PPP2R5B,KRT17,1,7.22910654,-11.471761186545201,False,0.3611159901813361
PPP2R5B,ESRP2,1,7.200370119666666,-11.902342376838455,False,0.36144151332089136
PPP2R5B,APOBEC1,1,7.246494807333334,-12.209144984561355,False,0.36148913997527826
PPP2R5B,CLEC4E,1,7.410650508,-11.012423673379358,False,0.36159556425054734
PPP2R5B,LINC01153,1,7.320856437,-11.171553417163835,False,0.36188931753835446
PPP2R5B,DHRS9,1,7.216070959,-12.060853798176595,False,0.36192794410982454
PPP2R5B,PCDHGB4,1,7.297786613666666,-11.223248974296492,False,0.3625793543533955
PPP2R5B,SLCO5A1,1,7.241590288333334,-11.399710386076215,False,0.363031293595159
PPP2R5B,PIPOX,1,7.193521987333334,-11.757035179968454,False,0.36417634011814964
PPP2R5B,HLA-DQB1,1,7.2490262376666665,-12.237860074443152,False,0.3642868284123062
PPP2R5B,PIWIL1,1,7.198703056666667,-11.946806495407241,False,0.36439252367871233
PPP2R5B,SLC1A7,1,7.305465091666666,-11.194885782884326,False,0.3645054946791334
PPP2R5B,SCN2B,1,7.194985191000001,-11.901118701294717,False,0.3647215973239265
PPP2R5B,LINC00900,1,7.192811852666666,-11.742865313753992,False,0.3648615801233382
PPP2R5B,LOC102724804,1,7.294533693666668,-11.218395177151923,False,0.3652180014951184
PPP2R5B,MIR16-1,1,7.2052870659999995,-11.576831913920035,False,0.3652606474672481
PPP2R5B,MIR1284,1,7.209691276,-12.058538963339444,False,0.36554706737594056
PPP2R5B,SLC15A1,1,7.207289043,-11.55141151748683,False,0.36611987540074503
PPP2R5B,KCNA7,1,7.315396877333334,-11.16396939079293,False,0.36621588205484445
PPP2R5B,KIF24,1,7.698664384333334,-10.778611572722541,False,0.3662258414758475
PPP2R5B,WNT4,1,7.228568941,-11.431360204282328,False,0.3663105829639575
PPP2R5B,LY6G5B,1,7.242994253333333,-12.228734323008775,False,0.3663147060620364
PPP2R5B,PTGIR,1,7.243789027333334,-12.23427674771241,False,0.36668989706348626
PPP2R5B,RAD51AP2,1,7.188903236666666,-11.795687136057776,False,0.36672457572034717
PPP2R5B,LINC00158,1,7.202763403,-11.571880820541784,False,0.36717268888055005
PPP2R5B,OR1G1,1,7.1896737779999995,-11.878118534676918,False,0.36729289548375205
PPP2R5B,LCE2D,1,7.195408097333334,-11.96511837468978,False,0.36739697934604676
PPP2R5B,TSSK1B,1,7.233203853333333,-12.203691891334996,False,0.36829409533778157
PPP2R5B,CCK,1,7.2017064333333325,-11.561544529685063,False,0.3686379691244688
PPP2R5B,CLPS,1,7.194483978,-11.610923669155026,False,0.3694131348158412
PPP2R5B,OR2T29,1,7.252455424666667,-11.317496462984161,False,0.3694428098212888
PPP2R5B,ARMC4,1,7.183178544333334,-11.829145813403041,False,0.3704167518580775
PPP2R5B,LOC729609,1,7.284008563333334,-11.218474505658861,False,0.3706045438032491
PPP2R5B,CNTF,1,7.202549524999999,-11.52728740275295,False,0.3711163702828719
PPP2R5B,EFNA5,1,7.247516257333333,-11.322906179558933,False,0.37127893689311453
PPP2R5B,FRMD7,1,7.239869042666666,-12.250127548573456,False,0.37128569490160906
PPP2R5B,HIST1H1B,1,7.2391046946666675,-11.352344997079587,False,0.3713342941020954
PPP2R5B,MIR499A,1,7.182571254333333,-11.871066965201262,False,0.37150713514415745
PPP2R5B,MIRLET7A2,1,7.180626714333333,-11.815337110389294,False,0.37189468704621753
PPP2R5B,EGFL8,1,7.1936951916666665,-12.018749398223925,False,0.37195267204980775
PPP2R5B,SYNPR,1,7.192230422000001,-12.009714108720114,False,0.37218583603022126
PPP2R5B,SLC6A3,1,7.220456252666668,-12.181145709518642,False,0.3726068119692906
PPP2R5B,DEFA4,1,7.250149740999999,-11.305581504129558,False,0.3726850177524773
PPP2R5B,MIR758,1,7.218362367,-11.42551358953806,False,0.37296512800061166
PPP2R5B,KLKP1,1,7.180103136333333,-11.872686699786584,False,0.3730737812039318
PPP2R5B,SCGB1C1,1,7.1786189333333335,-11.83695780559463,False,0.37333092896919057
PPP2R5B,SCGB1A1,1,7.327841319333333,-11.104829442906743,False,0.3737008374237287
PPP2R5B,WNT10A,1,7.213251206,-11.438952901226468,False,0.3742668178400703
PPP2R5B,UNK,1,7.296271888,-11.169117421764572,False,0.3745277473008014
PPP2R5B,KRBA2,1,7.176830480333333,-11.755272713371498,False,0.37454613227205513
PPP2R5B,SNORA14A,1,7.177675734,-11.710736168536132,False,0.3750269576391445
PPP2R5B,RNF186,1,7.305530283666667,-11.145388842473853,False,0.37510528152581923
PPP2R5B,SNORA22,1,7.360643888666666,-12.56083469008543,False,0.375115087832582
PPP2R5B,MIR421,1,7.182182238999999,-11.962814841261048,False,0.3753703164336277
PPP2R5B,C22orf15,1,7.209796086666667,-11.44557724031966,False,0.37548576190471183
PPP2R5B,C3AR1,1,7.570213598333333,-10.80820726862595,False,0.37551193485488726
PPP2R5B,TTC7B,1,7.626150663,-10.777274119727423,False,0.37554765173156684
PPP2R5B,SELL,1,7.175078061333333,-11.848263519753075,False,0.375687526796674
PPP2R5B,OR6C2,1,7.178167635333334,-11.91963152587052,False,0.375789537101888
PPP2R5B,DOCK1,1,7.179697720333333,-11.946091768053488,False,0.37602763712520443
PPP2R5B,KLK3,1,7.284970782333333,-11.187194757039384,False,0.3764202167681449
PPP2R5B,PRDM5,1,7.214655188666666,-11.410857391559704,False,0.37699085552525724
PPP2R5B,DMRTB1,1,7.267718160333334,-11.225414048471354,False,0.37769909380187855
PPP2R5B,PRR20C,1,7.288920225333334,-12.42961870710424,False,0.3779293683851534
PPP2R5B,SNORD93,1,7.1746633053333335,-11.921388882107683,False,0.3780198447678638
PPP2R5B,PLEKHS1,1,7.174309157,-11.68105304623198,False,0.3781395340149474
PPP2R5B,DDX4,1,7.229250288,-11.34387195626294,False,0.37814609183655806
PPP2R5B,HRCT1,1,7.186206523666667,-12.040952601894295,False,0.3782019003093678
PPP2R5B,EPHA7,1,7.186883139,-11.550669919794402,False,0.3784766923801513
PPP2R5B,MIOX,1,7.1855716723333325,-11.558642859593842,False,0.3786165926769349
PPP2R5B,TRPC6,1,7.169801543333333,-11.8442198065753,False,0.37889456871349414
PPP2R5B,LRAT,1,7.3280589780000005,-11.081727175367861,False,0.3790708178412972
PPP2R5B,TTTY17C,1,7.2575894960000005,-11.240593256818375,False,0.38015609235955883
PPP2R5B,APOA5,1,7.366711907333333,-11.008267548748,False,0.3805436492978269
PPP2R5B,ATP8B1,1,7.25489726,-11.243139950387707,False,0.3811107013755237
PPP2R5B,OR10G7,1,7.1926522,-11.48202394491319,False,0.381490863537398
PPP2R5B,NXPH3,1,7.1833821989999995,-12.064008991103282,False,0.3818360468342131
PPP2R5B,ADH7,1,7.2624980636666665,-12.383528091869168,False,0.3821435912024966
PPP2R5B,MIR130B,1,7.194902254,-12.137330145778318,False,0.3822578453282606
PPP2R5B,DEFB127,1,7.274529267333333,-11.18365049153188,False,0.38244172281547323
PPP2R5B,MIR140,1,7.177905471333333,-12.031407626761563,False,0.3824760958327061
PPP2R5B,OR52W1,1,7.251234550333333,-12.355124338930269,False,0.38273972856006994
PPP2R5B,C12orf74,1,7.235813228333334,-12.310163689444037,False,0.38316620028599024
PPP2R5B,ARHGAP36,1,7.247737765,-11.251774680507358,False,0.3833471866600247
PPP2R5B,FRY,1,7.202327150333335,-11.416886813445407,False,0.38334995345664097
PPP2R5C,ANK3,3,7.891234751888889,-3.4298173230386015,False,0.038509733585488586
PPP2R5C,FOXA2,3,8.020053287000001,-3.4205864920253624,False,0.06920506969568116
PPP2R5C,SPANXB1,3,7.844379113666668,-3.327990331052917,False,0.08696375869901092
PPP2R5C,SORCS1,3,7.864385106666667,-3.2099308055082734,True,0.10087008524309618
PPP2R5C,EGFLAM,3,7.812035493222222,-3.3013455208660494,False,0.11486624864794397
PPP2R5C,CTLA4,3,7.803111092777779,-3.3576395092647964,True,0.1150138695168469
PPP2R5C,OTUB1,3,8.049926335555556,-3.726896485057343,False,0.1321727793439409
PPP2R5C,PCDH9,3,8.124980288222222,-3.309406705612973,True,0.16227187633712917
PPP2R5C,STXBP1,3,7.791702971555555,-3.79984370363496,False,0.1686834385801385
PPP2R5C,LSS,3,8.138219648555557,-3.235939130344861,False,0.18115452202469703
PPP2R5C,TJP2,3,7.752791630222223,-3.7898345465346517,False,0.19085160200161239
PPP2R5C,MAGEB1,3,7.784500743222222,-3.889059004547125,False,0.19485572711728308
PPP2R5C,SP100,3,8.110224104555556,-3.0161900029883455,True,0.20472007103945786
PPP2R5C,GYG2,3,8.046615613999998,-4.007495363784603,False,0.2091451452133537
PPP2R5C,ASPH,3,8.131576853444443,-2.9626653046174023,False,0.22998946761976002
PPP2R5C,SPTBN1,3,8.172205310222223,-3.062304808490568,False,0.23421403253299675
PPP2R5C,SLC25A26,3,8.031836054222223,-4.119818855447054,False,0.23966970364932325
PPP2R5C,RNF17,3,7.677660349888889,-3.768017654843533,False,0.23988614730667368
PPP2R5C,ANGPTL4,3,7.647637604444444,-3.615866365850692,False,0.2457054177411407
PPP2R5C,TMOD2,3,7.691816062777778,-3.863181433911429,False,0.24622315187474467
PPP2R5C,HIF1A,3,8.094294577777776,-4.094142726899065,True,0.2536202871995122
PPP2R5C,RAB43,3,7.865632344555556,-4.209432827888718,True,0.2635354474003132
PPP2R5C,CD36,3,8.00185918511111,-4.237305283316455,False,0.2715659133657552
PPP2R5C,IGSF11,3,8.223210643111111,-3.02126320610443,False,0.27717467951501523
PPP2R5C,BMX,3,8.006889326,-2.6146871845222046,False,0.2880211185750807
PPP2R5C,BMP2K,3,8.28648431288889,-3.2577111051287546,False,0.2958352469428351
PPP2R5C,AP2A1,3,8.116079279222221,-4.2230865115061915,False,0.3003513562190625
PPP2R5C,SEC14L1,3,8.268624837888892,-3.8235634992155334,False,0.3016452999921571
PPP2R5C,SREK1,3,8.311389657111112,-3.446097281665225,False,0.3092185515189149
PPP2R5C,NBPF22P,3,7.728756235222222,-4.2314157837691955,False,0.3153959774369694
PPP2R5C,FGF13,3,8.153737923555555,-4.231077173040317,False,0.31905938089421115
PPP2R5C,NUDT9,3,8.213627859222221,-2.7882368594324585,False,0.3196168275330983
PPP2R5C,Mar-01,3,8.002926292,-2.5024220264998998,False,0.3247238941263671
PPP2R5C,ALG10B,3,7.973988078222223,-4.420996649367536,False,0.32974531251803
PPP2R5C,CBY1,3,8.26948767311111,-3.9911759370416933,True,0.33001941388622186
PPP2R5C,ST7L,3,8.001592836555554,-4.414969687695256,True,0.33061677867920664
PPP2R5C,MYO19,3,8.232804796444443,-2.7677575371715175,False,0.3358387002257339
PPP2R5C,RNF217,3,8.33928697811111,-3.7068080004999904,True,0.343451876841408
PPP2R5C,TMEM164,3,8.10557293977778,-4.40913125696614,False,0.35292282854681534
PPP2R5C,EDARADD,3,8.120143079111111,-2.477723139802901,False,0.36161929315708075
PPP2R5C,RHCE,3,8.074735534666667,-2.393515243829309,False,0.3746197176247856
PPP2R5C,RCAN1,3,8.33882222388889,-3.9697854943281574,False,0.3755804390394385
PPP2R5C,TMLHE,3,8.309779243,-4.134489108014742,True,0.3852070743636653
PPP2R5C,LRRC20,3,8.361750473999999,-2.96259431922252,False,0.38752159704881756
PPP2R5C,HERC4,3,8.297521937444445,-4.196106879829334,True,0.3902914503683502
PPP2R5C,GALE,3,8.267055324222222,-4.277793407984411,False,0.3907252733554504
PPP2R5C,FGFR4,3,7.683520762000001,-4.448210579593653,False,0.39728882239568053
PPP2R5C,ZNF451,3,8.333730389444446,-4.158759518810179,False,0.4059889401037373
PPP2R5C,KLHL7,3,8.04147270811111,-4.651696311498152,True,0.4153572234065592
PPP2R5C,ALAD,3,7.8998440344444445,-4.691615417075116,False,0.4209350833719303
PPP2R5C,POMT1,3,8.345003771222222,-4.202547305037771,False,0.4222940155706366
PPP2R5C,SULT1A2,3,8.08028956411111,-4.662016421127775,False,0.42652827682414557
PPP2R5C,LMBRD2,3,8.165594131111112,-4.584624433234589,False,0.4275639166543111
PPP2R5C,ANKRD17,3,8.386329399555555,-4.0797653915239795,False,0.42791245223653496
PPP2R5C,CEACAM1,3,7.623765359222222,-4.458466913399726,False,0.4281577732444237
PPP2R5C,GNA12,3,8.130650981111112,-4.630865278798098,True,0.43009511568630254
PPP2R5C,PPP2R1B,3,8.376312966111112,-4.139988039649204,False,0.4314167295637615
PPP2R5C,FNDC3A,3,8.454964799555555,-3.7299024834667454,False,0.438206837489194
PPP2R5C,MXRA7,3,7.513873706333334,-4.236027608772337,False,0.43926740906638123
PPP2R5C,FAM102A,3,7.700401428555556,-4.6505203357347655,True,0.45058356323015974
PPP2R5C,JADE1,3,8.47185150277778,-3.799755241951769,False,0.4573729046306776
PPP2R5C,GTF3C4,3,7.690259687666667,-4.662104390428992,False,0.45778563559376123
PPP2R5C,TRMT2A,3,7.907364652222221,-4.812754899174791,False,0.46140718739203773
PPP2R5C,ZNF200,3,7.958990445888889,-4.814784888929691,False,0.46179027552047175
PPP2R5C,ATF6B,3,8.471811030555555,-3.8715330500267098,True,0.4642110654057321
PPP2R5C,SPN,3,8.359357728222223,-4.367034562261551,False,0.4667502467144962
PPP2R5C,MECOM,3,8.056559210333333,-4.806468294432251,False,0.46912001611090987
PPP2R5C,NIPBL,3,8.309303898444444,-4.508302819903816,False,0.4718111907927262
PPP2R5C,TAF1,3,7.741770466666668,-4.762151056709799,False,0.4720994028049442
PPP2R5C,SHC2,3,7.357780530333334,-3.4512074687451686,False,0.4786782654853681
PPP2R5C,CLCC1,3,8.463014384222221,-2.8455867949929368,False,0.4800642157365669
PPP2R5C,CLIP2,3,7.362863001111111,-3.1323338919755788,False,0.4864449355572708
PPP2R5C,LRRC45,3,7.721156281999999,-4.824947042565833,True,0.49794554421252774
PPP2R5C,LRRC1,3,7.334313935111111,-3.2859101092560907,False,0.5011296918995632
PPP2R5C,SLC38A10,3,8.491604285,-2.8331587184420104,False,0.5032686016391428
PPP2R5C,AURKC,3,7.55774359311111,-4.616971297137356,True,0.5039343632129615
PPP2R5C,TP63,3,8.200008701555555,-2.102514129266748,False,0.5044601002244677
PPP2R5C,TET1,3,8.53813844111111,-3.1432742754590692,True,0.5072401380849167
PPP2R5C,HSPA13,3,7.924132546555555,-4.95878912002103,False,0.5102237675427764
PPP2R5C,NFASC,3,7.353346641444445,-2.9245546950026298,False,0.513950992637881
PPP2R5C,DDX31,3,7.748480428888889,-4.905633044494811,False,0.5162381388340264
PPP2R5C,EXO5,3,8.436451993,-4.371390159860082,False,0.5169812521902035
PPP2R5C,GPR183,3,7.685772046666667,-4.850831192248405,False,0.51715488726788
PPP2R5C,TMEM218,3,8.562151559,-3.3304180625150233,False,0.5179701768218482
PPP2R5C,TEX11,3,7.934690141111111,-4.986294226245341,False,0.519411289102141
PPP2R5C,C1GALT1C1,3,7.965805640444445,-1.9117547086175386,False,0.5203272287558647
PPP2R5C,TCERG1,3,8.551448455000001,-3.8143262221319816,False,0.5223160595902828
PPP2R5C,CTDP1,3,7.723605423777777,-4.907024178590283,False,0.5232536021663273
PPP2R5C,BCL2L11,3,8.487482999444444,-2.6752256377238517,True,0.5246569995504805
PPP2R5C,PHF11,3,8.547729093444445,-3.9116174475518926,False,0.5281037144694616
PPP2R5C,WDR5,3,8.081349880555555,-4.984180492886705,False,0.5322025412256427
PPP2R5C,PAOX,3,8.581002520666665,-3.502581303664972,True,0.5322782493260699
PPP2R5C,TMPO,3,8.254903228222224,-4.826282780644856,False,0.5342810595528688
PPP2R5C,KMT5B,3,8.389443432444445,-4.597606877492087,False,0.5387246962547003
PPP2R5C,IKBIP,3,8.221139283333335,-4.892463210958916,True,0.5412062708945237
PPP2R5C,GPRC5C,3,7.646674716666666,-2.0055424862145403,False,0.5438962061967906
PPP2R5C,NCOA1,3,8.596321975666667,-3.3882522407789883,True,0.5450284942567825
PPP2R5C,UQCRB,3,8.580837316444445,-3.8353064787344584,False,0.5475867587777612
PPP2R5C,PCDH10,3,7.647693236222222,-4.913380537055714,False,0.5495274319474497
PPP2R5C,FBXO32,3,7.754915972777778,-5.0153513784390995,False,0.5502271358009547
PPP2R5C,BTBD3,3,8.209517798777776,-4.9413389877913305,False,0.5521562644425576
PPP2R5C,LRRC40,3,8.061072820222222,-5.063018714879788,False,0.5548706826387982
PPP2R5C,MANEAL,3,7.323187307999999,-4.122430892756772,False,0.5559072271725604
PPP2R5C,ZNF586,3,8.563511914777777,-4.07491742880775,True,0.5590228722616375
PPP2R5C,TTC13,3,8.438344065666668,-4.5664116227785785,False,0.5603415516361675
PPP2R5C,ZNF266,3,8.421524479444445,-4.61038484776421,False,0.5604536559828973
PPP2R5C,PIGA,3,8.620388935666666,-3.403545339492603,False,0.5647332234774863
PPP2R5C,SLC26A6,3,8.355950982,-4.771337482186162,False,0.5650900343180577
PPP2R5C,ZDHHC9,3,8.472827106222221,-4.5047167611013625,False,0.5684033320983815
PPP2R5C,BAX,3,8.602194061777778,-3.006024184435391,False,0.5695716849884745
PPP2R5C,RRBP1,3,8.626676074222223,-3.221469670478339,True,0.5749072016418433
PPP2R5C,AMMECR1,3,8.631863659,-3.3080063254999486,False,0.5759908062249508
PPP2R5C,RELL1,3,7.727139569555555,-5.0835597837161455,False,0.578896013842322
PPP2R5C,ERI1,3,8.631855965555554,-3.7006503524058543,False,0.5802320088605462
PPP2R5C,DTNA,3,7.328452714888889,-2.566973734489591,False,0.584734743409674
PPP2R5C,ANO1,3,7.253186201555555,-2.9470759652321092,False,0.5900698521233886
PPP2R5C,CELF2,3,8.615155961777777,-2.8728686349864065,False,0.5931414052031231
PPP2R5C,DMKN,3,7.232925310111111,-3.0941760967072414,False,0.5941081005152533
PPP2R5C,RTN1,3,7.2847329618888885,-2.693258848253427,False,0.5965789428478374
PPP2R5C,SPAST,3,8.644606045666668,-3.044378459657827,True,0.6003587551016354
PPP2R5C,PTPN2,3,8.197423233444445,-5.114507212521659,False,0.6024355363373551
PPP2R5C,ABR,3,7.477435227777779,-2.065194240863085,False,0.6026728141536076
PPP2R5C,TBXA2R,3,7.7826012916666665,-5.195307520954511,False,0.6037102471256935
PPP2R5C,KRIT1,3,8.418623939666666,-4.796778041389511,False,0.6046501304853255
PPP2R5C,MVB12B,3,7.269025966777778,-4.180638576719465,False,0.6047893861258682
PPP2R5C,ANGPT2,3,7.238796491333333,-4.003222763645593,False,0.6065717978014743
PPP2R5C,ENAH,3,7.202390915999999,-3.2208245756943636,False,0.6119689341697145
PPP2R5C,CASP7,3,7.772153221333333,-5.217805510248814,False,0.6130063055290844
PPP2R5C,MADD,3,8.012397684,-5.255793423867137,False,0.6136567536445307
PPP2R5C,OSBPL1A,3,7.3166653347777775,-2.4373228917785235,False,0.6163374891472212
PPP2R5C,NAAA,3,8.148919999777778,-5.198712577930134,True,0.6165558782334969
PPP2R5C,LRRCC1,3,8.443198820333334,-4.7944496831715355,False,0.6176185987063915
PPP2R5C,FAM198B,3,7.193675795111112,-3.2480419265727183,False,0.6180310011198022
PPP2R5C,TACC2,3,7.213948315333334,-2.9647154700387945,False,0.6195834579951098
PPP2R5C,SUOX,3,8.634813320333334,-4.122681962650725,False,0.6197081028614142
PPP2R5C,ADAM17,3,8.299646081444443,-5.065089555425706,True,0.6227906735553893
PPP2R5C,FOXN3,3,7.933506630777778,-5.296873552214302,False,0.6243904531122079
PPP2R5C,ZAK,3,8.699081151888889,-3.4579232588999202,True,0.6295424236143957
PPP2R5C,SPAG16,3,7.721686776444444,-5.242025508995905,False,0.631454873562407
PPP2R5C,SLC7A2,3,7.185653516000001,-3.078996875494488,False,0.6334023299301597
PPP2R5C,AHNAK,3,8.071075730222221,-5.3025636893373775,True,0.6360080316675117
PPP2R5C,MEST,3,7.166566804222222,-3.543766616987475,False,0.6374585293688173
PPP2R5C,ALDH3A2,3,7.234565905999999,-2.664108415704821,False,0.6383133678391338
PPP2R5C,EXOC6,3,8.461730742555554,-4.842012535762522,False,0.6398164521670018
PPP2R5C,MS4A4A,3,7.242818362777778,-2.6084955960305876,False,0.6402412794617611
PPP2R5C,RCC1,3,8.697723752666667,-3.8181245707441738,False,0.6406414975964484
PPP2R5C,PKIA,3,7.168288990444445,-3.7262413447001475,False,0.642085831814637
PPP2R5C,KLRC3,3,7.254842943222222,-4.362623339111976,False,0.6426713898037402
PPP2R5C,MUTYH,3,8.69752643422222,-3.9013098469628917,False,0.646538429187539
PPP2R5C,BPGM,3,7.575078807,-5.145539984114906,False,0.646591681052633
PPP2R5C,TES,3,8.203286926888888,-5.2607008968445985,False,0.6504550283120201
PPP2R5C,NDUFAF5,3,8.651111699222222,-2.622325222251881,False,0.6528166231227611
PPP2R5C,RBBP4,3,8.64199689011111,-4.322701433763392,False,0.6528770500064093
PPP2R5C,IL1RAP,3,8.417182286555555,-1.914160954158934,False,0.6531811747355584
PPP2R5C,LCOR,3,7.925481257333334,-5.387088745605129,False,0.6549468125755388
PPP2R5C,BAD,3,7.871040474444444,-5.385746011062127,False,0.6566967926340251
PPP2R5C,KANK1,3,7.226472249888889,-4.324357505702334,False,0.6574104155740554
PPP2R5C,ZGPAT,3,7.875681039777779,-5.389708185076184,False,0.6577242791502425
PPP2R5C,LINC00623,3,8.698329277666668,-4.036454284393452,False,0.659455170592088
PPP2R5C,ATP2B4,3,8.231526349777779,-5.269256663428314,True,0.6613973380570882
PPP2R5C,SMARCD3,3,7.680286850888891,-1.5944103864805739,False,0.6619875605573649
PPP2R5C,MGAT5,3,8.732913427555554,-3.7006244292131107,False,0.662941623916588
PPP2R5C,WDR20,3,8.148835566444445,-5.342255098080431,False,0.6632029353044633
PPP2R5C,NCDN,3,7.596804289777778,-5.230641902990608,False,0.664431061432592
PPP2R5C,NOC4L,3,8.297923249333332,-5.216582520783559,False,0.6675021292739498
PPP2R5C,SCARA3,3,7.160107563222223,-2.9061497386995807,False,0.6677597523197805
PPP2R5C,WDR45,3,8.625542900666666,-4.484741249074763,False,0.6677761689999093
PPP2R5C,GRIK1,3,7.5371138047777775,-5.173185913103405,False,0.669799707793869
PPP2R5C,ZDHHC13,3,7.888633504999999,-5.439367057567522,False,0.6737389926017182
PPP2R5C,PCSK6,3,7.921097155000001,-5.447669829784841,False,0.6754824452346028
PPP2R5C,GSTM1,3,8.724915736777776,-2.8379802485964944,False,0.6829208959889884
PPP2R5C,ARRDC2,3,8.237428100666667,-5.333599389517587,False,0.6834231800866495
PPP2R5C,AFTPH,3,8.440793495777777,-5.0736188362289685,True,0.6888273117138985
PPP2R5C,KHK,3,7.7856958617777785,-5.457689390879062,False,0.6901758974867359
PPP2R5C,VCPKMT,3,7.868962112999999,-5.494969866123157,False,0.6936307424362091
PPP2R5C,PIGO,3,8.015796387111111,-5.5041084666369455,False,0.6974632253954496
PPP2R5C,ARMCX6,3,8.549292060888888,-4.876887797348884,False,0.6989613407586005
PPP2R5C,DTNBP1,3,8.184858684666667,-5.436268776180892,False,0.7019985402872041
PPP2R5C,FABP5,3,7.918125286444446,-1.3712654461422593,False,0.7026489220359075
PPP2R5C,UNG,3,8.686389981555555,-4.4529234271336575,False,0.7058548643339627
PPP2R5C,RADIL,3,7.969910973888889,-5.545857174878006,True,0.7090570269357399
PPP2R5C,ATP8B2,3,7.9156304704444445,-5.553512384813706,False,0.7113492100248592
PPP2R5C,UBTD2,3,7.50562924611111,-5.293724778926451,False,0.718076857518971
PPP2R5C,MRPL4,3,8.649696959555556,-4.675189667112067,False,0.7198706381819905
PPP2R5C,YTHDC1,3,8.653907957,-4.686505550330489,False,0.7249179244019333
PPP2R5C,NEDD4,3,8.100539456222222,-5.562355240705876,False,0.7267659266478185
PPP2R5C,LSM12,3,8.363687720888889,-5.337373089429329,False,0.7289308796565392
PPP2R5C,ATP2C1,3,8.367452727333331,-5.332697377633436,False,0.7290598082286719
PPP2R5C,KCNJ4,3,7.4124648923333325,-5.191429011256298,False,0.7311206811373361
PPP2R5C,SRSF10,3,8.381364642777777,-5.3373132827411425,False,0.7360857086547222
PPP2R5C,TRIM24,3,8.830740406111111,-3.4298342003756814,False,0.7383462731414877
PPP2R5C,TYSND1,3,7.7298480629999995,-5.575683525429631,False,0.7387480399233844
PPP2R5C,DCTN1,3,8.716443786111112,-4.522999239594822,False,0.7390650081998863
PPP2R5C,ZBTB16,3,7.2768659665555555,-1.972705923652659,False,0.7394535305450044
PPP2R5C,ZNF789,3,8.572450373777778,-4.992510950407909,True,0.7399341680275232
PPP2R5C,CHMP3,3,8.500568107666666,-5.157783440516229,False,0.7416642361372335
PPP2R5C,ADGRG1,3,7.300838080777777,-5.003677779117834,False,0.7431750495325603
PPP2R5C,ATP9A,3,7.217606489222223,-4.772619538727877,False,0.7439063262012425
PPP2R5C,METTL1,3,8.820362782444445,-3.880789788729718,False,0.7441540352661957
PPP2R5C,TERF1,3,8.121771599777778,-5.611175736748139,False,0.7463733708238024
PPP2R5D,FBXO22,3,8.608937115444443,-9.238190781112367,False,0.02583060463601514
PPP2R5D,CIDECP,3,8.652590681333335,-9.598321754285408,False,0.10138643375459881
PPP2R5D,CDK5RAP2,3,8.747456556000001,-9.495292955371113,False,0.12175478126816579
PPP2R5D,ELMSAN1,3,8.537837668888889,-8.97913866286005,False,0.13095067552323336
PPP2R5D,CBX3,3,8.459167619555556,-9.408489722968243,False,0.13838632694727968
PPP2R5D,TRAK1,3,8.627003815444445,-9.738803429573945,False,0.14564146866472655
PPP2R5D,NUF2,3,8.487101725555556,-9.596616643241765,False,0.14781160261057294
PPP2R5D,FBXO7,3,8.79320251211111,-9.113177547846673,False,0.1563826924911887
PPP2R5D,VWA8,3,8.404080798444445,-9.337092837368422,False,0.17994416718996017
PPP2R5D,PRKAR1A,3,8.842550141777778,-9.275574322617764,False,0.1829272238696822
PPP2R5D,NPIPB3,3,8.411988460777778,-9.54355316314107,False,0.19055536264783585
PPP2R5D,NBN,3,8.451616462888888,-8.887621722307486,False,0.19978281817695415
PPP2R5D,MKKS,3,8.814507473222223,-8.911915184128974,False,0.2082079676477781
PPP2R5D,MAFG,3,8.42328459411111,-8.888737858037148,False,0.21662696438659762
PPP2R5D,RMI1,3,8.867659935888888,-9.622197721547185,False,0.22938591706876968
PPP2R5D,METTL17,3,8.577416775777778,-10.026641756453282,False,0.24558319427861755
PPP2R5D,CALN1,3,8.479146797333334,-8.655916345110114,False,0.24987738453118602
PPP2R5D,S100PBP,3,8.796564613777777,-9.947722044901898,False,0.26008884327312226
PPP2R5D,DBT,3,8.307469705555556,-9.398000532516008,False,0.26127211174447895
PPP2R5D,ARHGAP17,3,8.325434407888887,-9.002180327985045,False,0.2656125985872408
PPP2R5D,ZMAT5,3,8.475490431222221,-8.57586432522107,False,0.27535470686162905
PPP2R5D,EXOC1,3,8.471529687111113,-8.567425089325592,False,0.27935794859753865
PPP2R5D,STAG2,3,8.314718773444445,-9.681060450906267,False,0.28312067328012824
PPP2R5D,NECTIN2,3,8.59412860311111,-10.178232740216325,False,0.29497027222206995
PPP2R5D,SERINC3,3,8.843422647444447,-8.570452479796836,False,0.30946922921310355
PPP2R5D,ZMYND11,3,8.354216445444445,-8.651864679517475,False,0.3130301036083131
PPP2R5D,REPIN1,3,8.997641497777778,-9.500200647354879,False,0.3174463372749983
PPP2R5D,MPRIP,3,8.246396769666667,-9.033486860797824,False,0.3235607989547709
PPP2R5D,PMS2,3,8.264710233666667,-8.910807700364098,False,0.32397229595308374
PPP2R5D,ZNF473,3,8.327970773555556,-9.948923359131687,False,0.3251895477989083
PPP2R5D,TVP23B,3,8.490105663555555,-8.383235690705153,False,0.3309375658542719
PPP2R5D,ZNF682,3,8.796896762666668,-8.423217172337965,False,0.33233721850322595
PPP2R5D,CBX2,3,8.338628583777778,-10.03619829849654,False,0.3394150891486749
PPP2R5D,ABL1,3,8.645314283888888,-8.29636925002223,False,0.3425346542845154
PPP2R5D,ZWINT,3,9.005543584888889,-9.69567005812756,False,0.34324376788355204
PPP2R5D,RASSF5,3,8.874066947555555,-8.499838789449703,False,0.3437535979260437
PPP2R5D,TPM3,3,8.224283767333333,-9.004810413316525,False,0.3438675510863167
PPP2R5D,ZHX1,3,8.243222336666667,-8.796670490914536,False,0.3571997644517505
PPP2R5D,SPG7,3,8.369392050999998,-10.176553759175698,False,0.3599520599825542
PPP2R5D,TRAPPC2,3,8.404506764222221,-8.358116171436963,False,0.3677817999831721
PPP2R5D,CSNK2A1,3,9.02907304211111,-8.848509797964596,False,0.37081494444382607
PPP2R5D,MAPKAP1,3,9.062677025666668,-9.615879859698532,False,0.37902430235846074
PPP2R5D,PHAX,3,9.037837805555556,-8.832756133092508,False,0.37962547938927954
PPP2R5D,CLYBL,3,8.492448694777778,-8.209297479004286,False,0.386415340911881
PPP2R5D,ATF3,3,8.425777257666667,-8.238787092754041,False,0.3959774897498061
PPP2R5D,TRMT11,3,8.409313689666668,-10.413616903332992,False,0.4127589362463328
PPP2R5D,CLSTN1,3,8.37307529577778,-8.241059456120402,False,0.41500129205105707
PPP2R5D,DEDD,3,8.47611138877778,-10.516109657785654,False,0.4256165768115194
PPP2R5D,WNK1,3,8.154122613222222,-9.840919102392807,False,0.42612295965916963
PPP2R5D,ZDHHC16,3,8.884805287444445,-8.2132325057536,False,0.4292585794037917
PPP2R5D,ANKHD1,3,8.101931095888888,-9.408062906993134,False,0.4306476469115822
PPP2R5D,SLC39A4,3,8.115315980666667,-9.658949710561773,False,0.4347463292222119
PPP2R5D,RNF34,3,8.636283392000001,-7.98977795236502,False,0.44576561014556454
PPP2R5D,GTPBP3,3,8.909418159,-10.428403222143325,False,0.4471584453057963
PPP2R5D,SEPN1,3,8.400634926,-8.09163608054287,False,0.4498633338130691
PPP2R5D,MRE11A,3,8.129384209666666,-8.697736634591125,False,0.4559803866162099
PPP2R5D,TRAPPC13,3,8.076923051444444,-8.992980779853289,False,0.46241795227321936
PPP2R5D,MGAT4B,3,8.058525016555555,-9.03428901527347,False,0.47430184758373056
PPP2R5D,PHF1,3,8.047198031666667,-9.305344575286062,False,0.4745433147495697
PPP2R5D,ASB3,3,8.971578749444445,-8.181492671449748,False,0.4781700650235785
PPP2R5D,LTN1,3,9.067519266555555,-8.4050714331136,False,0.47847281867370983
PPP2R5D,IFNAR2,3,8.43073451,-7.963292528287091,False,0.4811156524898451
PPP2R5D,HINFP,3,8.184997184555556,-10.27271985924827,False,0.48620585468092326
PPP2R5D,ZNF32,3,8.065112049444444,-9.821035649915224,False,0.49134306984473297
PPP2R5D,DYRK1A,3,8.037118321222222,-8.973256926362449,False,0.49595800072610013
PPP2R5D,STK24,3,9.099005412555556,-10.20272916390842,False,0.49704302407297607
PPP2R5D,ORC5,3,9.067069789444444,-8.306538232183913,False,0.5001027753187082
PPP2R5D,KCNMB3,3,8.021021341444445,-9.065852197484883,False,0.5028818593857791
PPP2R5D,GOSR2,3,8.012912400444444,-9.51544762279975,False,0.5077293189753783
PPP2R5D,KDSR,3,9.116330569444443,-10.205958563153942,False,0.5091283408430165
PPP2R5D,RYK,3,8.674983717888889,-7.800478979938582,False,0.5114913464489441
PPP2R5D,MTRR,3,8.352241422666665,-7.934963505382436,False,0.5147072176934345
PPP2R5D,UQCR10,3,9.085221482444444,-8.287761328994893,False,0.5154668845221793
PPP2R5D,MED23,3,8.250169300333333,-8.081264614645994,False,0.5158578818491163
PPP2R5D,VAPA,3,8.098311295555556,-8.475030891695885,False,0.5159288228196565
PPP2R5D,KCNH6,3,9.24590974211111,-9.203143064256079,False,0.5170801716669366
PPP2R5D,EDEM3,3,7.998834439444445,-9.546695906189079,False,0.5207826033754037
PPP2R5D,DYRK3,3,8.094579247,-10.162149386187682,False,0.5223934590137519
PPP2R5D,RALGDS,3,8.528492072111112,-10.84832667491309,False,0.5262378779443143
PPP2R5D,GOLGA7,3,8.866326150111112,-7.870316747331587,False,0.5263792570674225
PPP2R5D,ZMYM3,3,7.985131103111112,-9.45855901100998,False,0.5282764639604864
PPP2R5D,ARID4B,3,7.991067797777778,-9.044536249915653,False,0.528482028605521
PPP2R5D,SDHAF1,3,9.106266516111111,-10.334230398663367,False,0.5297891415681544
PPP2R5D,DTX2,3,8.38597643588889,-7.844384323870132,False,0.5316513293558204
PPP2R5D,CTNS,3,8.091183114222222,-8.416136599514877,False,0.5318987118622146
PPP2R5D,ARPC2,3,9.041582655333334,-8.113999904379373,False,0.5322975802418628
PPP2R5D,TAF1C,3,8.677500047999999,-7.736416602124197,False,0.5332431268198797
PPP2R5D,AMY1A,3,8.109881263555556,-8.344207206057526,False,0.5337287056531564
PPP2R5D,HPS5,3,8.330577864111111,-10.728927509908118,False,0.5370477609066101
PPP2R5D,CDK10,3,8.754176508666667,-10.876647089738816,False,0.5413693148840749
PPP2R5D,CLDN14,3,8.339942947444444,-7.8252615308802245,False,0.5525781107172613
PPP2R5D,TADA2A,3,8.138338900666668,-8.143343043261579,False,0.5607026976309315
PPP2R5D,DHX40,3,9.083923667222223,-8.091818625314732,False,0.5612075681916283
PPP2R5D,ANKZF1,3,7.943241391333333,-9.439430533330055,False,0.5621885408614471
PPP2R5D,SLC35C2,3,8.276223709111113,-7.868459365721165,False,0.5640830644186968
PPP2R5D,METTL23,3,9.299311782888887,-9.082280105118564,False,0.5651620836901028
PPP2R5D,TSC1,3,8.136503346000001,-8.115610510460883,False,0.5683918583209007
PPP2R5D,ADSSL1,3,7.937395301111111,-9.48681526110322,False,0.5684817403071757
PPP2R5D,PLAUR,3,7.931681952111112,-9.243666184640501,False,0.5704006415856547
PPP2R5D,RUFY1,3,7.988514406444445,-8.60182273468591,False,0.5749343936496037
PPP2R5D,TNK2,3,8.157003333444445,-8.037738877814816,False,0.5759264636126743
PPP2R5D,NDUFAF3,3,9.29851780211111,-9.716138218405064,False,0.5760785871207801
PPP2R5D,CASP6,3,8.97185216822222,-7.799926540380031,False,0.5862026183488087
PPP2R5D,TRAF3IP2,3,8.005205100222222,-10.176757012351041,False,0.5878131688854473
PPP2R5D,ALG13,3,8.452436808555555,-7.61177124627071,False,0.5901450701440256
PPP2R5D,ATM,3,8.147736568777779,-10.619129527713339,False,0.5912782820362171
PPP2R5D,C11orf96,3,7.9467757307777775,-8.719391443795697,False,0.5919614944797427
PPP2R5D,DCAF11,3,8.135052644777778,-8.016343686959571,False,0.5934684726705959
PPP2R5D,HMGA1,3,9.33759470188889,-9.464895975305609,False,0.5939821042991845
PPP2R5D,CSNK1A1,3,8.956848350444444,-7.750172579332188,False,0.5950122760603318
PPP2R5D,SCRIB,3,8.710838763111111,-7.547693971559579,False,0.5995797371634836
PPP2R5D,GCSH,3,8.658850970000001,-7.535240125663779,False,0.6000252830733319
PPP2R5D,CCM2,3,8.858098130888889,-7.616611512502762,False,0.6042123392561343
PPP2R5D,INO80,3,8.606359808333336,-7.514002865923757,False,0.6065412979262262
PPP2R5D,NECAB3,3,7.909463063444444,-8.844214691051924,False,0.6088782247893344
PPP2R5D,FASTK,3,9.260247018222222,-10.222203182723842,False,0.6114995791559347
PPP2R5D,FKBP2,3,9.114801520666667,-7.944432358989689,False,0.6152552990052592
PPP2R5D,FAM110A,3,8.093378178888889,-8.001678922922709,False,0.6208252018590269
PPP2R5D,UBE2J2,3,8.046759626111111,-8.118922917356207,False,0.6221710670125417
PPP2R5D,JAG2,3,8.477759774111108,-7.498087390795637,False,0.6232190974407416
PPP2R5D,COMMD5,3,8.597381785000001,-7.4634129241893765,False,0.6238305107548651
PPP2R5D,TAF1A,3,7.891951043333333,-8.77798077226143,False,0.6288792020146798
PPP2R5D,DEPDC7,3,7.859878886,-9.42906742612764,False,0.6306363077645056
PPP2R5D,POT1,3,7.931430954222223,-8.510314037202148,False,0.6307410002643341
PPP2R5D,RNFT2,3,9.380508566333335,-9.093972949731283,False,0.6312336505781374
PPP2R5D,FYTTD1,3,9.151536734333334,-10.658675022631938,False,0.6325566109544281
PPP2R5D,ICE2,3,8.178312994222223,-7.7813879557339245,False,0.6327745822312726
PPP2R5D,TNFSF14,3,7.867317408777779,-9.648083565845935,False,0.6336696987910264
PPP2R5D,WDHD1,3,7.873831865555555,-8.88365856447174,False,0.6342215717931503
PPP2R5D,TADA3,3,9.28351372488889,-10.266223148629308,False,0.6356141320059404
PPP2R5D,CMIP,3,9.120094615222223,-7.873665201531191,False,0.6361956967965497
PPP2R5D,SKP1,3,9.353917344444445,-9.893604028826008,False,0.6366379968733294
PPP2R5D,ICE1,3,7.882107403333333,-8.777419052628078,False,0.636732797822707
PPP2R5D,ODF2,3,9.007005229555554,-7.651947615759784,False,0.6440383739381684
PPP2R5D,RASA1,3,8.196109178,-7.711342196111533,False,0.6440853002238465
PPP2R5D,PPT2,3,8.170622988555555,-7.750939545084598,False,0.6448450670393829
PPP2R5D,SLC41A3,3,9.041095066888888,-7.687324919280671,False,0.6482858147995461
PPP2R5D,BIRC3,3,7.880519232777778,-8.66671015739362,False,0.6495062367127714
PPP2R5D,TMUB2,3,8.544293725777777,-7.392456053392136,False,0.6506329054984635
PPP2R5D,SUPT20H,3,7.8711791013333325,-8.709234437736775,False,0.6521824798085636
PPP2R5D,EPB41,3,7.880083225777778,-8.640644582601167,False,0.6528378352306017
PPP2R5D,PCNA,3,9.213569747,-8.027378430937912,False,0.6531870333529403
PPP2R5D,TCEA2,3,8.044239157333335,-10.638908254676988,False,0.6556244066658453
PPP2R5D,NUP50,3,7.826902821666667,-9.444238953253922,False,0.6581655507808146
PPP2R5D,FXR1,3,9.289355081666665,-10.394498461906734,False,0.6627738806093874
PPP2R5D,ARFIP1,3,7.961514082111111,-8.177907252474727,False,0.6658263548795238
PPP2R5D,CTTN,3,9.394504407111112,-8.686230435551215,False,0.6723365191136124
PPP2R5D,ST6GALNAC4,3,8.705215659666669,-7.316423882682252,False,0.676733077245176
PPP2R5D,NAA16,3,7.826078166444444,-9.786154338936248,False,0.6768065779249915
PPP2R5D,HIST2H3D,3,7.842751126111111,-8.676934278266849,False,0.6779059238189925
PPP2R5D,TEAD4,3,8.492805141777778,-7.326826625553795,False,0.6780724430197599
PPP2R5D,ZNF644,3,8.217064169444443,-7.544336603925051,False,0.6834408680993489
PPP2R5D,RER1,3,9.278350672111111,-8.076337844035352,False,0.6839779603240641
PPP2R5D,RIOK1,3,8.580057815444446,-7.281094391998578,False,0.6859916791449645
PPP2R5D,RRAGB,3,7.929237816888889,-8.185344966306188,False,0.6864451260249068
PPP2R5D,ANXA11,3,8.672629018777778,-7.268049750874437,False,0.6908339864034467
PPP2R5D,LRSAM1,3,8.152320760777778,-10.999958104695933,False,0.6908728313322591
PPP2R5D,DFFA,3,9.123642019333333,-7.665110668651914,False,0.6931754015318147
PPP2R5D,ELMO2,3,7.810461593666667,-9.84729904812666,False,0.6944779936335395
PPP2R5D,CCNY,3,9.44483258422222,-8.875625388608153,False,0.6957465898114338
PPP2R5D,PNKD,3,8.289900291444445,-7.4123883634984935,False,0.6968892144980878
PPP2R5D,CUL4A,3,9.44607235922222,-8.843474231663967,False,0.6991088305820742
PPP2R5D,SOCS4,3,7.917830857333333,-8.148419577262393,False,0.7012177233144093
PPP2R5D,PAK4,3,8.063149758777778,-7.7432648886969915,False,0.7018637904898027
PPP2R5D,PALM,3,8.474549719333332,-7.254992677248504,False,0.7045050997832805
PPP2R5D,JMJD1C,3,8.805939677888889,-7.2634027018224545,False,0.7077068046755889
PPP2R5D,MCM8,3,9.409728603666666,-8.486462576315917,False,0.7079589255836151
PPP2R5D,SORBS3,3,7.8108327245555556,-10.003569353882758,False,0.7098807293126301
PPP2R5D,QRICH1,3,8.351662331888889,-7.293606074828791,False,0.7164883796754021
PPP2R5D,INTS4,3,8.875958755888888,-7.281354852931697,False,0.7165699267856045
PPP2R5D,MMGT1,3,9.419098177999999,-10.146119185690853,False,0.7172499519393101
PPP2R5D,WIPF1,3,7.959146444555555,-10.696434070347454,False,0.7209201749401772
PPP2R5D,RAD51D,3,7.746132726222221,-9.28197525028061,False,0.7233435878674359
PPP2R5D,DDX39B,3,9.154840358333333,-7.598359079075856,False,0.7267126366080081
PPP2R5D,TRIM39,3,8.145511772555555,-7.486844845934652,False,0.7305117691611062
PPP2R5D,NPTN,3,9.399130355222221,-10.341388517562569,False,0.7312468999927088
PPP2R5D,CRTAP,3,8.72473831388889,-7.149310653138775,False,0.7346414662520181
PPP2R5D,DDX11,3,7.729106527222222,-9.137491677997906,False,0.7396089982083506
PPP2R5D,IFT88,3,8.115616091888889,-7.499323239260039,False,0.7406164142160043
PPP2R5D,ANKMY1,3,7.8067598590000005,-10.232638470860259,False,0.7421889442748886
PPP2R5D,USF2,3,8.728824323555555,-7.127439773972282,False,0.7423798623579417
PPP2R5D,RBPJ,3,7.7892220053333325,-10.149254838989297,False,0.7441398461702162
PPP2R5D,MIR99AHG,3,7.759220514222222,-8.662272403300598,False,0.7451680786722267
PPP2R5D,KIF21B,3,7.72230714888889,-9.519283509113768,False,0.7463952630516422
PPP2R5D,WDR7,3,7.793554817555556,-10.210406326982742,False,0.7490081255814779
PPP2R5D,TACC1,3,8.55301883311111,-7.096949415448145,False,0.7495173828860909
PPP2R5D,CHEK2,3,8.570042385888888,-7.093612124874044,False,0.7497124181020302
PPP2R5D,YY1AP1,3,8.532738488888889,-7.097953857139619,False,0.7506312177239473
PPP2R5D,PPIL2,3,7.7148130896666665,-9.472558881757493,False,0.7512255927252117
PPP2R5D,PRMT6,3,9.30873204688889,-7.841292755740815,False,0.7537665985718134
PPP2R5D,ARAP1,3,7.8992078204444445,-7.939843664219147,False,0.7550322561644529
PPP2R5D,STEAP3,3,7.804231590666666,-8.308613616764767,False,0.75507847000169
PPP2R5D,MSMO1,3,8.824389046444445,-7.129324931603159,False,0.7552614665112979
PPP2R5D,PVR,3,7.798493531555555,-8.323960841600108,False,0.7570276863802822
PPP2R5D,Mar-06,3,9.064943820333333,-7.3464779183088424,False,0.7575107713300647
PPP2R5D,MAT2B,3,9.342797904444446,-10.712379258559757,False,0.7618369863636147
PPP2R5D,ATP5S,3,9.292283927555557,-10.867757224777987,False,0.7648581072672815
PPP2R5D,ICK,3,7.787580788555556,-8.322050965631778,False,0.7654180942865512
PPP2R5D,COQ6,3,8.363509607444444,-7.130974255464877,False,0.7661369811922979
PPP2R5D,ZNF302,3,7.980851456333333,-10.95260181028652,False,0.7675773627183787
PPP2R5E,PAM,1,10.783568440000002,-2.1707407506137435,True,0.02137686975366885
PPP2R5E,POC1A,1,10.711853586666669,-2.1276797090496142,True,0.032979826492104035
PPP2R5E,LOC93622,1,10.72741088,-2.3113738844838845,True,0.04535183762800498
PPP2R5E,PPP4R3B,1,10.778869116666668,-2.047778184412888,True,0.05354956464251724
PPP2R5E,HNRNPLL,1,10.715678259999999,-2.0345721119718494,True,0.05955474506568789
PPP2R5E,SDAD1,1,10.74934218,-2.3602065548723763,False,0.06027501296937502
PPP2R5E,NCKAP1L,1,10.852508726666668,-2.1729437857511478,True,0.06325900155920139
PPP2R5E,ZNF518B,1,10.834090123333334,-2.080209941315117,True,0.06472405658581674
PPP2R5E,LEPROT,1,10.647024756666667,-2.1395407854454356,True,0.06698809253966934
PPP2R5E,CCDC58,1,10.674392056666667,-2.0573606061448073,False,0.0670379588267773
PPP2R5E,NOS3,1,10.863936913333333,-2.1000437527190265,True,0.07705498514098887
PPP2R5E,HSPA1B,1,10.616311326666667,-2.152017495218129,False,0.08465695511796169
PPP2R5E,TRMT1,1,10.74544927,-2.450224042077986,False,0.09229833030172316
PPP2R5E,ZNF672,1,10.764188743333333,-2.4612698450073465,False,0.0965030942334296
PPP2R5E,PFDN6,1,10.805824279999998,-2.4610537172539,False,0.10191671724678994
PPP2R5E,ASNSD1,1,10.756471536666666,-1.8947121857445108,False,0.10509833817211078
PPP2R5E,BYSL,1,10.607945843333333,-2.0314097670310587,False,0.10519501255248612
PPP2R5E,SYNCRIP,1,10.650244526666667,-1.9410317286623224,False,0.10842147003475663
PPP2R5E,COMMD1,1,10.928432143333334,-2.2999093360901792,True,0.11669865315191254
PPP2R5E,MAN1B1,1,10.609397583333333,-1.9612673033995163,True,0.11975892983090383
PPP2R5E,CBX4,1,10.873436606666667,-1.9267132992044145,True,0.12058745581881235
PPP2R5E,TTLL12,1,10.913001649999998,-2.3827786654486647,False,0.12147745466882282
PPP2R5E,PIGK,1,10.912828450000001,-1.9879299366060394,True,0.12348303839652953
PPP2R5E,WDR13,1,10.541665593333335,-2.2253609666071776,True,0.1304328012034136
PPP2R5E,CCDC115,1,10.802695433333334,-1.8316267251727147,True,0.13141655798040416
PPP2R5E,KLHDC2,1,10.827702786666665,-2.55448006176452,True,0.13773197690025635
PPP2R5E,ADCK2,1,10.625899993333332,-2.5227650381302413,True,0.1412249189199532
PPP2R5E,NSDHL,1,10.676252653333334,-1.7826027205205202,True,0.1520973629453039
PPP2R5E,DHCR24,1,10.534340783333334,-2.393643588702851,True,0.15252593816126644
PPP2R5E,TAMM41,1,10.819120750000002,-2.610620252410123,False,0.15505985558326862
PPP2R5E,MRGBP,1,10.691979366666667,-2.6210421468156637,False,0.1572190301606295
PPP2R5E,CDKN3,1,10.635150096666667,-2.5920252769456136,True,0.15967601362564937
PPP2R5E,SUSD1,1,10.731165963333334,-2.644604345839032,True,0.16173275223607814
PPP2R5E,RBM3,1,10.622374026666668,-2.5934089372977276,True,0.16382454579619452
PPP2R5E,RNPEP,1,10.953383083333334,-1.8833384514785616,True,0.1662932729167204
PPP2R5E,RCL1,1,10.533374976666666,-1.9107714227921355,True,0.1676002596170793
PPP2R5E,HIST1H2BJ,1,10.522651133333333,-1.9343111632539738,True,0.16834111221257986
PPP2R5E,PBDC1,1,10.51028027,-1.9582782633205544,False,0.17057200985410126
PPP2R5E,CDC26,1,10.856909296666666,-2.6394883334768338,False,0.17244468132523938
PPP2R5E,SPG11,1,10.702226103333333,-2.6692176468556856,True,0.17267641105304526
PPP2R5E,NEU1,1,11.023622096666665,-2.2941262024617015,True,0.17303910474917833
PPP2R5E,PARN,1,10.562934239999999,-1.8194120026229565,True,0.17599744425844738
PPP2R5E,BCL2L2,1,10.503399773333333,-2.4461651213780162,True,0.17840791548627974
PPP2R5E,FAM216A,1,10.683631433333332,-1.6996655645898688,False,0.1792502497940466
PPP2R5E,RAB40C,1,10.971770846666667,-2.5392611544049988,True,0.18462674151536293
PPP2R5E,TSR2,1,10.922880699999999,-2.6180550472440145,True,0.1855182859206701
PPP2R5E,SRSF7,1,10.4707823,-1.976556697032914,False,0.1896892811112299
PPP2R5E,NCLN,1,10.498606263333334,-2.4944568619401117,False,0.19015695298966848
PPP2R5E,COMMD2,1,10.70128621,-2.7263837039174166,True,0.19278876378071386
PPP2R5E,WDSUB1,1,10.467486453333334,-2.417824364755344,True,0.1934968476549828
PPP2R5E,HDGFRP3,1,10.541987593333333,-2.6006966934586546,True,0.19500676450429327
PPP2R5E,OIP5-AS1,1,10.90685493,-2.67722720823755,True,0.19803922528731613
PPP2R5E,DUS3L,1,10.693840183333334,-2.7475419033867188,False,0.20097271023445093
PPP2R5E,PNP,1,10.42459673,-2.2098261081760646,False,0.2025702134477072
PPP2R5E,GLG1,1,11.079315516666666,-2.175336906885428,True,0.20369499367281046
PPP2R5E,UFC1,1,10.708777886666667,-1.617951817644948,False,0.20500953690063975
PPP2R5E,STAT2,1,10.540529503333333,-1.7444670102272397,True,0.20526453082378715
PPP2R5E,TOMM22,1,10.693243353333335,-1.6154576448103386,False,0.20733431083130918
PPP2R5E,LINC00200,1,10.446825983333333,-1.9176110707677039,True,0.21210139041961756
PPP2R5E,LOC81691,1,10.973428239999999,-2.6449718529270383,True,0.21231581542515846
PPP2R5E,HMG20B,1,11.09393663,-2.1566608318688125,True,0.21303155214943603
PPP2R5E,CETN2,1,11.095730320000001,-2.1439848297946833,True,0.21444204870502945
PPP2R5E,EML4,1,10.469054796666667,-2.541905810419156,True,0.21483961438120497
PPP2R5E,NUP214,1,10.653144296666667,-2.7746718202299196,False,0.21615245906901237
PPP2R5E,BCAT2,1,10.944395206666664,-1.6826297585988508,True,0.2166005927053933
PPP2R5E,NAPRT,1,11.002678340000001,-1.7659803986570528,True,0.2170091105124314
PPP2R5E,HNRNPA0,1,10.73177302,-1.5792675382672157,False,0.21739466757021628
PPP2R5E,MFSD3,1,10.782243690000001,-2.8016358334408555,False,0.2178925199699084
PPP2R5E,PPAT,1,10.453412026666667,-2.5241463993096436,False,0.21933829595011312
PPP2R5E,TTL,1,10.461033900000002,-2.5468794234170407,True,0.21991987493903234
PPP2R5E,MCEE,1,10.701682896666668,-1.574391966211209,True,0.22092723348302898
PPP2R5E,CUL5,1,10.555746166666665,-2.716368933505593,True,0.22258279035923711
PPP2R5E,MCM3AP,1,10.588044336666668,-2.7541620907809183,True,0.22424344551312295
PPP2R5E,PNN,1,10.49262454,-2.6391459517702573,False,0.22598246628604213
PPP2R5E,XAB2,1,10.49106524,-2.6396719529464363,False,0.2268006924746879
PPP2R5E,ARL6IP5,1,10.60686401,-1.5979996996326584,True,0.22862133745444066
PPP2R5E,KLHL36,1,10.396609423333333,-2.3844206698207455,True,0.2303475459672238
PPP2R5E,ERLEC1,1,10.688803309999999,-2.8304488839267106,True,0.23051429814188848
PPP2R5E,SLC18B1,1,10.479243736666668,-1.7415425425284528,True,0.23201976357974047
PPP2R5E,PIH1D1,1,10.75384753,-2.845025551094809,True,0.23244535831567045
PPP2R5E,LAMTOR4,1,11.130700823333335,-2.229399134315517,False,0.2358993366818094
PPP2R5E,MDC1,1,11.128471693333331,-2.3137847275775947,False,0.23817044819316036
PPP2R5E,HSPH1,1,10.952974160000002,-1.6154671193431773,False,0.23956850949377334
PPP2R5E,PRPF19,1,10.454878563333333,-2.624408229795713,False,0.23974911080231529
PPP2R5E,RP9,1,10.784141773333333,-2.8732233308919715,True,0.2433216462834728
PPP2R5E,MBOAT7,1,10.396523693333334,-1.8967138511576365,True,0.2433645798716533
PPP2R5E,GTF3C3,1,10.765471946666667,-1.5023040024625514,False,0.24456324830606768
PPP2R5E,XPC,1,11.144134663333332,-2.2446359697542215,True,0.24458334406678875
PPP2R5E,DPF2,1,10.862584876666666,-2.861530923412548,False,0.24814450585884926
PPP2R5E,COPB2,1,11.151028796666667,-2.2527159872583886,True,0.24908440554690475
PPP2R5E,YTHDF2,1,10.477661003333333,-2.7116045752891127,False,0.25097927950001864
PPP2R5E,PAQR4,1,10.94348094,-2.8151876231573363,True,0.2519214267602159
PPP2R5E,PLBD1,1,11.100161426666666,-1.8229369579220507,True,0.2528520125284245
PPP2R5E,NGLY1,1,11.15861244,-2.1498122953536365,True,0.253218953589971
PPP2R5E,RENBP,1,10.478831263333333,-1.6551162613299024,False,0.2542608761337106
PPP2R5E,PFAS,1,10.753435736666667,-2.9069353179071427,False,0.25442901424195147
PPP2R5E,TRIM44,1,10.848805506666665,-2.890468347509579,False,0.25586966689451984
PPP2R5E,PDIA6,1,11.049655676666665,-1.6933844342994246,True,0.2558827798777282
PPP2R5E,EDEM1,1,10.44296884,-2.674450376890274,True,0.25698315764434265
PPP2R5E,PHPT1,1,11.047865680000001,-1.683972636900393,False,0.25740484193158336
PPP2R5E,SPSB3,1,10.582096673333332,-2.8533339085989096,True,0.2576515154917071
PPP2R5E,MCM2,1,10.48615098,-2.758388329455311,False,0.26011148304142456
PPP2R5E,FEM1A,1,10.464823166666667,-2.738660752997106,False,0.2634434656623628
PPP2R5E,STX3,1,10.328768329999999,-2.2807697400776554,False,0.26384439138424093
PPP2R5E,DPY19L1,1,10.795943923333335,-1.450595284681551,True,0.26423559800563906
PPP2R5E,ITPR3,1,10.572308886666667,-2.86737981149246,False,0.2647004827201572
PPP2R5E,KMT5A,1,10.991616286666668,-2.813137634759215,True,0.2667604676400535
PPP2R5E,HSD17B8,1,11.173593753333334,-2.039397598781998,True,0.26753516559411156
PPP2R5E,TRAPPC6A,1,11.1436979,-2.5220747953516347,True,0.2705263146426121
PPP2R5E,MITD1,1,10.339758336666668,-2.455508262411532,True,0.27188092543447306
PPP2R5E,GTPBP6,1,11.181123646666668,-2.3493841176253674,True,0.27267001595608287
PPP2R5E,TMEM135,1,10.662442753333332,-2.9426988308036317,True,0.27271529080808793
PPP2R5E,GMDS,1,11.077817666666666,-2.7065782266541674,True,0.2732652165884553
PPP2R5E,TMOD1,1,10.79974481,-1.4252374638811107,False,0.27344282032941886
PPP2R5E,MRPS23,1,10.367332756666666,-2.571717717955845,False,0.2737841952195492
PPP2R5E,RPF1,1,11.014240103333334,-2.8099295701677387,True,0.27394071842402246
PPP2R5E,C14orf93,1,10.521366996666666,-2.859224142380557,True,0.2769199460497212
PPP2R5E,STXBP5,1,10.828934290000001,-1.41710500731819,True,0.27887495956878794
PPP2R5E,C18orf8,1,11.080534973333334,-1.644581488862362,True,0.2817048570879123
PPP2R5E,EIF2B2,1,10.59619599,-2.936722863905513,False,0.28186326319471416
PPP2R5E,SRSF8,1,10.894821653333333,-2.9464560003166453,False,0.2828889899439095
PPP2R5E,PHF21A,1,10.777141676666666,-2.988106430244346,True,0.283713896973298
PPP2R5E,THEM6,1,10.616314946666666,-1.4236959240613332,True,0.2848418897557543
PPP2R5E,HOXB7,1,10.292663856666666,-2.1085460453524987,True,0.2857690451179241
PPP2R5E,CDR2L,1,11.082712890000002,-1.6212014227840752,True,0.28844402007931114
PPP2R5E,CYSTM1,1,10.649533213333333,-1.3958123812987329,True,0.2891503969645311
PPP2R5E,HNRNPA3,1,10.359956729999999,-2.6451374718804717,True,0.291368330450272
PPP2R5E,TBC1D31,1,10.361311513333334,-1.7296091105209657,True,0.29191013759482537
PPP2R5E,CHFR,1,10.64708227,-2.9960021099754592,False,0.2932277560866854
PPP2R5E,TPMT,1,10.30291596,-1.92422827764492,True,0.29357086954248013
PPP2R5E,PTCD1,1,10.615868856666667,-2.9856163569876095,False,0.29454491078886846
PPP2R5E,TIMM17B,1,11.217748283333334,-2.3437941735184746,True,0.29455827768385057
PPP2R5E,YIPF6,1,10.3355689,-1.7855669448547822,True,0.295083848440079
PPP2R5E,UBQLN2,1,10.425782463333332,-2.8012747060848278,True,0.29620374749840456
PPP2R5E,CWC27,1,11.20822247,-1.9368069027715367,True,0.29754400309950846
PPP2R5E,SPA17,1,10.2847235,-2.3993981883762916,True,0.2985707095579025
PPP2R5E,CEP55,1,10.298750086666667,-2.5206135476792078,True,0.3040196061968217
PPP2R5E,TGOLN2,1,11.086126573333333,-2.82101125773202,True,0.30551075407783007
PPP2R5E,PPIH,1,11.097336796666667,-2.8028967092523938,False,0.30567308997984177
PPP2R5E,NFXL1,1,10.30410801,-2.5585705764147217,True,0.3064584333272157
PPP2R5E,NFU1,1,11.023157226666667,-2.9145137676743036,True,0.30757034855768445
PPP2R5E,EHBP1,1,10.509761433333333,-1.4264958520286086,True,0.3098458980262293
PPP2R5E,MRPL50,1,11.133744949999999,-2.752450847853982,False,0.3101223464157157
PPP2R5E,MARCKSL1,1,11.251009109999998,-2.1697557227793944,False,0.31020120025628706
PPP2R5E,LMO2,1,10.603197176666667,-1.3544502022048768,False,0.3107382755320364
PPP2R5E,GORASP2,1,11.151917423333332,-2.7215345626937513,True,0.31207773630964886
PPP2R5E,COX20,1,10.276904960000001,-2.5269241778215807,True,0.3174007038196943
PPP2R5E,SRPRB,1,10.783420233333333,-3.0916971556081765,False,0.3206691711892236
PPP2R5E,SCARB2,1,10.957912076666666,-3.019047193895972,True,0.321004315244073
PPP2R5E,NPC1,1,10.509556143333334,-1.3898892832986722,True,0.32135017002674165
PPP2R5E,DCAF12,1,10.641016266666668,-3.0761640335529097,False,0.3218365649653231
PPP2R5E,YARS2,1,10.38519249,-2.834246246068001,False,0.3220925553229251
PPP2R5E,UBE4A,1,10.404049493333334,-2.8793838297775194,True,0.325820589030556
PPP2R5E,WDR6,1,10.453479190000001,-2.946669003886156,False,0.3258314923518729
PPP2R5E,GCHFR,1,10.38204408,-1.5370893506705912,True,0.32590772569850773
PPP2R5E,AHSA1,1,10.844394113333335,-1.2863775909632924,False,0.3262621371222782
PPP2R5E,SPRED1,1,10.460805513333334,-2.9630254328415937,True,0.328120522298763
PPP2R5E,EED,1,10.225664223333332,-2.3319466707635828,True,0.3296872615300148
PPP2R5E,HSBP1,1,10.580936186666667,-3.0706155645181865,False,0.32987310804392245
PPP2R5E,MCCC1,1,10.632470179999999,-1.2833815225962188,True,0.33042801971570257
PPP2R5E,OSTF1,1,10.32381387,-2.7587249582834654,True,0.3330538375813899
PPP2R5E,KIF2A,1,10.55548709,-3.065577951289594,True,0.33358716867905147
PPP2R5E,HSPB11,1,10.574446476666667,-3.080887817204828,True,0.3346271503381664
PPP2R5E,TNPO2,1,10.402871096666667,-1.4678032114712312,False,0.3354027474455179
PPP2R5E,PRPF4,1,11.14583347,-2.841948822797364,False,0.33687890190973013
PPP2R5E,MED28,1,11.100825763333333,-2.9264955474430105,False,0.3396890318646264
PPP2R5E,DOCK11,1,10.697758900000002,-1.2373009628792884,True,0.3401162972868012
PPP2R5E,SPPL2A,1,11.177902269999999,-2.8018855015030133,True,0.3424088669435453
PPP2R5E,DAP,1,10.67852072,-1.2301833362724865,True,0.34398745695457467
PPP2R5E,EBP,1,10.805726300000002,-3.1570592722488358,True,0.34492387770352334
PPP2R5E,CCDC14,1,10.28898262,-2.732687486609652,False,0.3452441521517309
PPP2R5E,EXOSC4,1,10.196265866666666,-2.2989141288598263,False,0.34621935652174757
PPP2R5E,SIDT2,1,10.491677646666666,-1.3268559349988325,True,0.34632389642991057
PPP2R5E,PUM3,1,11.003254720000001,-3.060758458948152,True,0.34639411712123597
PPP2R5E,POLR2B,1,10.19309013,-2.108967614952461,False,0.34725118335078486
PPP2R5E,NCOA7,1,10.464959106666667,-3.033391737057996,True,0.3479625202711437
PPP2R5E,GEMIN4,1,10.728306706666666,-3.1728819779197432,False,0.3491537179683755
PPP2R5E,ZNF277,1,11.1533175,-2.885587336773085,True,0.35098852805189346
PPP2R5E,ARID3A,1,11.245130010000002,-1.7045698487185195,False,0.3517131012845428
PPP2R5E,IL13RA1,1,10.187350700000001,-2.0765709452714707,True,0.35193515790595414
PPP2R5E,FHL3,1,10.66328069,-3.1736900649472104,False,0.3533712362185183
PPP2R5E,CLPP,1,10.843438830000002,-3.176980140409287,False,0.3549841880918654
PPP2R5E,PDXK,1,11.240747536666666,-2.7083074081719087,True,0.35507422848454967
PPP2R5E,E4F1,1,11.259237676666666,-2.6533454268565513,True,0.35549785250121363
PPP2R5E,SPIRE1,1,10.323466743333332,-1.5236871242524241,True,0.3555221791593284
PPP2R5E,CSTF2,1,11.12936507,-2.9455969687943666,True,0.3563354698638398
PPP2R5E,CMTM6,1,10.240206143333333,-1.7189844075366136,False,0.3583484515926528
PPP2R5E,RDH10,1,11.244802966666667,-1.6638018790471167,True,0.35886524319507307
PPP2R5E,TRPV2,1,10.73657169,-3.208290021378573,True,0.3615549159610553
PPP2R5E,PMPCA,1,10.60256528,-1.2017105344649508,False,0.36301798807701047
PPP2R5E,IGBP1,1,10.80959962,-3.2086664015396638,True,0.36339890874077496
PPP2R5E,RAI14,1,10.691476873333334,-3.2088938582805873,False,0.3635386370869111
PPP2R5E,COIL,1,10.20489938,-2.5699669621310903,False,0.36453958880516396
PPP2R5E,TOR3A,1,10.403809436666666,-1.3622055194464564,False,0.3645537852927769
PPP2R5E,DANCR,1,11.245747916666668,-2.748828452518256,False,0.3653365519832268
PPP2R5E,FUCA1,1,10.174648486666667,-2.4122053191149617,False,0.3660473688463613
PPP2R5E,CHSY1,1,10.988958533333333,-3.1347720539046655,False,0.3663745487008793
PPP2R5E,SPATC1L,1,10.249826586666666,-1.6414705990479586,True,0.36694001658204306
PPP2R5E,MR1,1,10.316273166666667,-2.896630002232043,True,0.36822358399406113
PPP2R5E,DOCK2,1,10.788616893333334,-1.1553061407902916,True,0.3683663825482086
