target,candidate,n_probes,baseline_log2_expression,log2_variance_all_six,log2_variance_within_group,qualifies,distance
PPP2R5A,TROAP,1,10.01700385,-6.3356965700819945,-8.188461838631346,False,0.018917422229720204
PPP2R5A,SIN3A,1,10.068381213333334,-8.268659805122368,-8.207866739528592,False,0.02038569576568388
PPP2R5A,PPP1R7,1,9.990627546666667,-4.281183608417734,-8.169624854565615,True,0.037284621465850806
PPP2R5A,LMNB1,1,10.107787693333334,-5.11269628190733,-8.203375682889066,True,0.03945428415940503
PPP2R5A,C22orf39,1,10.081558616666667,-7.378157824399488,-8.239506071373205,False,0.04421648755643114
PPP2R5A,PDRG1,1,10.026778931,-2.8599928033556075,-8.12741786612197,False,0.044944673357125396
PPP2R5A,GALNT11,1,10.032503998666666,-3.977784458455868,-8.261467661944991,False,0.055631917438432064
PPP2R5A,TMEM116,1,10.047209969999999,-5.33500714207512,-8.269654897627008,True,0.060840890920211735
PPP2R5A,CMC1,1,10.127564040000001,-6.129789795654351,-8.133716194809475,False,0.06287051549521908
PPP2R5A,GMFB,1,10.102291346666666,-6.416011370739118,-8.107935161946347,False,0.06666677726861175
PPP2R5A,PRPF3,1,10.115345699999999,-7.629922791087473,-8.263872661743836,False,0.0705761991502691
PPP2R5A,XPO7,1,9.936176851,-5.147409373756687,-8.151249644501236,True,0.07360997247858157
PPP2R5A,GBE1,1,9.968409838666666,-1.3949016256709088,-8.110701926963415,True,0.07388223768995182
PPP2R5A,COX10,1,10.009088396333333,-7.225219369853621,-8.08586535344387,False,0.0771952813588645
PPP2R5A,RAB3IL1,1,10.175806243333334,-5.322542117939966,-8.220064737538186,True,0.08335296323939045
PPP2R5A,KAT8,1,10.062406304333335,-6.529908053659381,-8.070632326885724,False,0.08508608274206729
PPP2R5A,MMD,1,10.138014546666668,-7.115855716825041,-8.092409456041706,False,0.08873012261749295
PPP2R5A,EXOSC5,1,10.15696938,-6.633624126779397,-8.106653557752105,True,0.089508048772493
PPP2R5A,COA5,1,10.074006933333335,-3.482707030646978,-8.310743285309915,True,0.09234792595922413
PPP2R5A,PLEKHF1,1,10.09955895,-3.069862162771322,-8.307449876370216,True,0.0941846615607325
PPP2R5A,ZYG11B,1,9.907865333666665,-5.50028695995108,-8.237947404329327,True,0.09439179212559815
PPP2R5A,DPM2,1,10.205274263333335,-6.281852756341989,-8.158426604655961,False,0.10002325231081559
PPP2R5A,TNPO3,1,9.913340451666667,-5.593740899171933,-8.106664631768021,False,0.10152417405501588
PPP2R5A,P3H1,1,10.064386853333334,-2.328014570268947,-8.046241837937753,True,0.10293713190275186
PPP2R5A,PELP1,1,9.932420429666667,-3.6128659878198612,-8.289799303407891,False,0.10390119868622193
PPP2R5A,NABP1,1,9.942255138,-2.621493683723734,-8.299660528557853,False,0.1053724967297162
PPP2R5A,TRAPPC8,1,10.13278083,-5.773844084115987,-8.312907927103197,True,0.10653533183568642
PPP2R5A,SERINC1,1,10.09760118,-8.534156328736655,-8.329296265836222,False,0.10896032045169568
PPP2R5A,WDR36,1,10.097597883333334,-8.18724178182518,-8.329506435028998,False,0.10910690522756279
PPP2R5A,DGCR8,1,9.902541942333334,-7.555797209284259,-8.098331670175686,False,0.1105088960205871
PPP2R5A,MRM3,1,10.104375403333334,-3.5153467654738777,-8.040637511318044,False,0.112200690740505
PPP2R5A,TWF2,1,10.21856557,-7.724590022837495,-8.132202285134724,False,0.11330037221733676
PPP2R5A,DECR2,1,10.049516993333334,-1.7727659820178447,-8.03010355900463,True,0.1141959363874262
PPP2R5A,F12,1,10.17204447,-3.43619716517057,-8.071187696706568,True,0.11428308748016966
PPP2R5A,HBBP1,1,10.104468713333334,-0.874534391042035,-8.337784615284397,True,0.11614381926703844
PPP2R5A,NSMF,1,10.220253626666667,-8.383327717554982,-8.117048621375286,False,0.1185733247397905
PPP2R5A,BCDIN3D,1,9.905238073333331,-7.6830343737226094,-8.077345574077537,False,0.11883886146244474
PPP2R5A,CMTM6,1,10.240206143333333,-1.7189844075366136,-8.202536624811085,False,0.12016158752638784
PPP2R5A,CDR2,1,10.10893895,-5.145686223864911,-8.34348172030432,True,0.12096112210948748
PPP2R5A,ACVR1,1,10.230438386666668,-7.149427231739114,-8.114511109299581,False,0.12508097079961442
PPP2R5A,GRWD1,1,10.219220606666667,-7.332810051066665,-8.095228516329305,False,0.12566717302328928
PPP2R5A,LRWD1,1,10.02946621,-7.107318277503092,-8.014990874573545,False,0.12572393234503185
PPP2R5A,CCDC92,1,9.856018376,-1.4402247182590149,-8.121519132217587,False,0.12781692425943705
PPP2R5A,IQGAP1,1,9.87695632,-3.0074342172802164,-8.077308224273363,True,0.13239410820254585
PPP2R5A,RRS1,1,9.881245439,-2.9509221380704846,-8.071605934642635,False,0.1328693694139122
PPP2R5A,PRADC1,1,10.152722643333332,-1.213320960534037,-8.025018788391021,True,0.13478893323170926
PPP2R5A,MICB,1,9.952650536333334,-7.1491393583735015,-8.352926460498075,False,0.13513269869129768
PPP2R5A,NCAPD2,1,10.207770339999998,-4.813743880618017,-8.31206531381993,True,0.1353709520270207
PPP2R5A,ALG9,1,10.245509686666667,-7.610427636401116,-8.264944644051381,False,0.13561618030717162
PPP2R5A,HPF1,1,10.243480866666665,-7.937581313008846,-8.103643036439307,False,0.1358102610340962
PPP2R5A,STXBP3,1,9.878045114333334,-2.2863961280435654,-8.061482214376126,True,0.13915004796462005
PPP2R5A,RCSD1,1,9.823478901666666,-1.5458718561205131,-8.215596958450078,True,0.14051729879375252
PPP2R5A,WEE1,1,9.820992421333333,-1.2089029829245304,-8.201928734967872,False,0.14088757918320985
PPP2R5A,SLC35E3,1,10.260003326666666,-3.6962260179108353,-8.254396275627023,True,0.14091219900329446
PPP2R5A,B4GALT7,1,9.885639708666666,-4.074634865839507,-8.048825575978912,True,0.142016734525745
PPP2R5A,RNF20,1,9.974242909,-4.2142301068881025,-7.997503363824423,True,0.1452768587368161
PPP2R5A,C22orf29,1,9.808837721000002,-6.154552046347149,-8.204384242491955,False,0.14855109485381549
PPP2R5A,BOD1,1,9.806075279333333,-4.076086806818172,-8.187812473870174,False,0.14968486053718472
PPP2R5A,MLST8,1,10.1519934,-4.358384234505555,-7.997418099791084,False,0.15254928341047516
PPP2R5A,GTF3C5,1,10.053923913333334,-3.364798753492831,-7.97692415344651,False,0.15309756946786238
PPP2R5A,SLU7,1,9.836947368666667,-5.974439492178281,-8.296234470428923,False,0.15323454959911947
PPP2R5A,FADD,1,10.25501763,-6.103169948250781,-8.311318301857414,False,0.15784004635379986
PPP2R5A,NUP153,1,9.989473066666667,-4.284968093667542,-7.975523472882214,False,0.15820219697877866
PPP2R5A,DR1,1,10.28573657,-3.3761070058422926,-8.272801515475457,True,0.16074031672465003
PPP2R5A,TBX15,1,9.788476736666667,0.8784449809273457,-8.205148140644862,True,0.16118044405399415
PPP2R5A,PGS1,1,9.967328986333333,-4.958046637946072,-8.396674265963137,True,0.16147591019355031
PPP2R5A,CHCHD1,1,10.295868683333333,-5.169825757397583,-8.10920979050162,False,0.16409727456491432
PPP2R5A,SLC39A14,1,9.927467702,-8.117415206776975,-7.9845889506230225,False,0.16514698906399
PPP2R5A,TPMT,1,10.30291596,-1.92422827764492,-8.258351700582914,True,0.1669710247858643
PPP2R5A,MED19,1,9.954800192,-8.468056826523691,-8.401039725639277,False,0.16702420519109776
PPP2R5A,RHOT2,1,10.002434413333335,-5.475837827460369,-8.415506695934976,True,0.16971581189337304
PPP2R5A,SUN1,1,9.884517601666667,-2.84145511895764,-7.9938221716751965,True,0.17321264939115208
PPP2R5A,CALM1,1,10.131006486666665,-2.995643600778535,-8.412869069144097,False,0.173414204830721
PPP2R5A,TWIST1,1,9.771077351666667,-1.309473219258334,-8.238486642515294,True,0.17556483492448363
PPP2R5A,OSTF1,1,10.32381387,-2.7587249582834654,-8.259266455670852,True,0.17951667507299437
PPP2R5A,GTF2H3,1,10.14200485,-7.3378663981373125,-7.953939299071642,False,0.17968734222848295
PPP2R5A,NSUN4,1,10.336896306666667,-8.390690000827497,-8.199789340701459,False,0.17981798288673248
PPP2R5A,CSRNP1,1,10.172640866666667,-2.870182908282623,-7.962360511904356,False,0.18117995841198795
PPP2R5A,KIDINS220,1,10.19207624,-3.1390913897911576,-7.970361753951867,True,0.181561171687958
PPP2R5A,HSPA5,1,9.900717821,-2.562899204605101,-7.967535293078431,True,0.18397519497209266
PPP2R5A,TACC3,1,10.343529303333334,-6.298306591261617,-8.208259115008625,False,0.18435912035630744
PPP2R5A,QSOX2,1,9.749394075333333,-4.267597818626797,-8.165965841818648,False,0.18543794355875895
PPP2R5A,EAF1,1,10.14286233,-8.362406638588277,-8.428669118267441,False,0.18666318357375308
PPP2R5A,PRKCH,1,9.817000170333332,0.5589219559335905,-8.353732996437794,True,0.1880759118875034
PPP2R5A,ZNF689,1,10.007244772,-6.935798989994116,-8.443334210949981,False,0.1893855793735896
PPP2R5A,PAFAH1B1,1,10.017412765666666,-5.793794550679368,-7.925697692391685,False,0.19137930787329271
PPP2R5A,CHD9,1,9.777402439333333,-7.884591749336036,-8.320305154931898,False,0.1939559006235738
PPP2R5A,CUTC,1,9.982980177333333,-3.028405106836179,-8.446172769219348,False,0.193974736631848
PPP2R5A,LACTB2,1,10.34926954,-3.8402527302613,-8.265174054108211,True,0.19587568550578097
PPP2R5A,CDC5L,1,10.20224444,-3.814756283706897,-8.421433826789931,False,0.19676642747384052
PPP2R5A,RNF123,1,10.133071020000001,-6.611778828630472,-8.45804010231841,False,0.20547359898049766
PPP2R5A,ATP6V0D1,1,10.21040618,-5.638447182725332,-7.937672655822207,True,0.20795237822737533
PPP2R5A,ITPR1,1,9.980481804666667,-1.5119866250080984,-8.466128517764007,True,0.20856727331020627
PPP2R5A,PIGM,1,9.883558553999999,-7.426538862571022,-7.936799939583638,False,0.20876525965836337
PPP2R5A,C16orf72,1,9.725942888666667,-2.5552978724350943,-8.275769607053816,True,0.20980551531611116
PPP2R5A,ABHD5,1,9.812170515333333,-1.1469845360499074,-8.393972505937715,False,0.21045670271928152
PPP2R5A,PAF1,1,9.967098528666666,-7.207349630333725,-8.471357325694711,True,0.2140903394949693
PPP2R5A,GAPVD1,1,10.392370023333333,-3.739829591963247,-8.16626258573192,False,0.21446230944577974
PPP2R5A,FANCG,1,9.814712369333334,-3.1893236820046327,-8.406596705295104,False,0.2161425722549044
PPP2R5A,ACAA1,1,9.734222173666668,-8.254459951459513,-8.055994863501146,False,0.21635242296438092
PPP2R5A,TUFT1,1,9.745410104333333,-7.561845221787229,-8.336142247376872,False,0.21692609368771643
PPP2R5A,SLC29A2,1,10.192003093333334,-3.857000303903755,-8.45990212969823,True,0.2190467270757389
PPP2R5A,RSRC1,1,9.692517623333332,-3.637208712175454,-8.179281591402727,True,0.22017455533132124
PPP2R5A,TNPO2,1,10.402871096666667,-1.4678032114712312,-8.198043633228895,False,0.22063527757414253
PPP2R5A,EMG1,1,10.211009976666668,-0.5354809386360632,-8.456433484577573,False,0.2218747373535224
PPP2R5A,GBAS,1,10.192353666666666,-7.494112733434366,-8.465250010474048,False,0.2227050968408336
PPP2R5A,SETD2,1,10.227839026666667,-7.171578243547588,-7.922672023066261,False,0.22282488586997093
PPP2R5A,AMD1,1,9.717685840333333,-6.486131575412493,-8.059481024041746,False,0.22454229620924215
PPP2R5A,PIGU,1,10.296755106666668,-5.440431492081653,-7.953917072465315,True,0.2297138537399604
PPP2R5A,SLC5A6,1,10.41808022,-4.108271303752265,-8.189821635622494,False,0.22991769542301402
PPP2R5A,CDC25B,1,10.094777156666666,-4.551628916094397,-8.499169248159143,True,0.2304172951382201
PPP2R5A,POLR2B,1,10.19309013,-2.108967614952461,-7.894915101389797,False,0.23134044788235553
PPP2R5A,BRI3,1,9.929864138333334,-1.720916945981899,-7.884722670574659,False,0.23215549598920276
PPP2R5A,PNO1,1,9.690066936,-7.140317801692323,-8.08876664218206,False,0.23282770694175792
PPP2R5A,COA6,1,9.689087938,-7.718793557163298,-8.089138603333907,False,0.23332288509724483
PPP2R5A,NAA50,1,9.675221813,-5.859054061723182,-8.239567966851935,False,0.23408840025016361
PPP2R5A,INTS12,1,10.089441299999999,-1.6491296118934369,-8.504952074729227,False,0.2342172271975943
PPP2R5A,C17orf53,1,10.19692775,-8.43577943344045,-8.481924586046214,False,0.2350083668422029
PPP2R5A,RPS6KB1,1,10.308865763333333,-6.834565989442213,-7.9532154099081485,True,0.23520766204668553
PPP2R5A,MIEF1,1,10.205840993333334,-3.4389260688395686,-7.893602440392598,False,0.23541360616259505
PPP2R5A,RBM17,1,9.811803078666665,-3.753553931912191,-8.43912364300881,False,0.23548740031626858
PPP2R5A,PNP,1,10.42459673,-2.2098261081760646,-8.139074436397536,False,0.23648590664393393
PPP2R5A,NT5C3B,1,10.271808479999999,-5.693783482030001,-7.923479427162173,True,0.23721620947582275
PPP2R5A,FNBP4,1,10.228442673333333,-7.460855736540964,-8.472800828005186,False,0.23749076568560268
PPP2R5A,DHX32,1,10.295106713333334,-3.5963709238943014,-8.436855606586686,True,0.23894390438908814
PPP2R5A,ZNF524,1,9.660461344666667,-2.328913997346594,-8.159067940130532,True,0.24082428827554217
PPP2R5A,CDH12,1,9.710980882333333,0.9212223691714725,-8.353810169516198,True,0.2418764014142854
PPP2R5A,FOXL2NB,1,9.649961917333334,-8.304757117758626,-8.14378340072324,False,0.24846533664813011
PPP2R5A,ITGA5,1,10.198156766666665,-5.8240070707194285,-8.503107730445123,True,0.24958924363997537
PPP2R5A,ELOF1,1,9.951718352333334,-2.175962113342603,-7.8536871220536595,False,0.25022783633827944
PPP2R5A,TM9SF4,1,10.446836826666667,-4.070487024645373,-8.133893733122305,False,0.25069104231160727
PPP2R5A,OXR1,1,10.197424876666666,-8.155564545634634,-7.867286183313451,False,0.25103251367251855
PPP2R5A,POLRMT,1,10.145909080000001,-1.3664237195092632,-7.852650571583503,False,0.25138226641060457
PPP2R5A,GOLGA2,1,9.680740513333333,-3.205374593539631,-8.333957846169552,True,0.2516841560908386
PPP2R5A,WDR6,1,10.453479190000001,-2.946669003886156,-8.185021348415475,False,0.2518615492038919
PPP2R5A,ANKS1A,1,9.695888402333333,-8.09334972238808,-8.358970972785864,False,0.25186323260940374
PPP2R5A,NR2C2AP,1,9.959382432333333,-7.052967391488508,-8.523881182960931,True,0.2525636314152667
PPP2R5A,PSMD5,1,9.710199144333334,-6.86108288881669,-7.990982749876886,True,0.25323161454156534
PPP2R5A,PPOX,1,10.45706662,-0.40087922482980737,-8.192875190019503,False,0.254128849591199
PPP2R5A,SSRP1,1,10.019665222999999,-6.140688293189476,-7.839347395111602,False,0.25414831877997807
PPP2R5A,CCDC189,1,9.638748348999998,-2.042881897718441,-8.221447573180901,True,0.2547541267287128
PPP2R5A,CHUK,1,9.784268023333334,-6.091493693748474,-7.918664776312187,False,0.25475552233198473
PPP2R5A,FLNB,1,9.674009886666667,-7.168830437882856,-8.332072020481823,True,0.2548839679470282
PPP2R5A,AARS2,1,9.763781196333332,-6.932670871734014,-7.928835275019786,True,0.2575993649454597
PPP2R5A,DNAJB1,1,9.633449155,-3.5552511024134446,-8.238355632288537,False,0.25954225023165295
PPP2R5A,TM7SF3,1,9.783325789666668,-8.205585228588715,-7.9105412284977685,False,0.25970909292268307
PPP2R5A,NCOA7,1,10.464959106666667,-3.033391737057996,-8.14965684706573,True,0.2603665102784247
PPP2R5A,PRG2,1,10.372067363333334,0.26792044357265565,-8.412481270546818,True,0.2604576723381208
PPP2R5A,SPRED1,1,10.460805513333334,-2.9630254328415937,-8.254892366634142,True,0.26124366834791357
PPP2R5A,DERL1,1,10.464205380000001,-7.925179331367568,-8.241030239834346,False,0.26157733189093113
PPP2R5A,GRAMD1A,1,10.310263143333334,-4.841557850338723,-8.466571328042278,False,0.2617045143833992
PPP2R5A,TRMT12,1,10.249202983333333,-4.383457468734564,-7.8708175118646375,False,0.2623517523797225
PPP2R5A,RBM15,1,10.164608326666666,-6.7145994221587975,-8.532311154429857,True,0.2629973674333466
PPP2R5A,RNGTT,1,10.444322306666667,-7.626305669580566,-8.059690581083116,False,0.26300948253871814
PPP2R5A,WDR41,1,10.44282465,-7.869301298040319,-8.32145455625677,False,0.2643626208866927
PPP2R5A,STX10,1,9.664018909333334,-5.264457458681852,-8.345322823066635,False,0.2646306358189873
PPP2R5A,GOLGA5,1,9.661405116666666,-7.052234078125648,-8.341086348558651,True,0.26475204834287075
PPP2R5A,WASL,1,9.665734774333332,-4.641119650682613,-8.352228743185924,True,0.2659356399392471
PPP2R5A,JARID2,1,10.357585316666666,-6.805718775030584,-7.933836964736594,True,0.2665729008339346
PPP2R5A,PFDN1,1,10.436550076666668,-4.656440079302046,-8.342021683237247,False,0.2668065809732615
PPP2R5A,NUBPL,1,9.649867568333333,-7.2911445179437235,-8.043773307703585,False,0.267680216429264
PPP2R5A,RBM5,1,10.227210046666666,-4.457315431720374,-7.8529276771209595,False,0.26795247420505725
PPP2R5A,C9orf69,1,10.269519956666665,-4.863492713165041,-7.87127092539645,True,0.2683075416326478
PPP2R5A,CHD1,1,10.461931133333334,-6.972833157206774,-8.072488865850115,False,0.2702346752668295
PPP2R5A,RRP12,1,9.625579642,-3.543488159104037,-8.086307160938512,False,0.27165690131106035
PPP2R5A,WDSUB1,1,10.467486453333334,-2.417824364755344,-8.07447429663803,True,0.27307699143718966
PPP2R5A,CARD9,1,10.459920973333334,-0.0777890957115063,-8.326468239415616,True,0.2755678419876936
PPP2R5A,TIMM8A,1,9.645420118999999,-8.673011056268017,-8.352611464812405,False,0.2773332716084508
PPP2R5A,GPSM2,1,10.017227513333333,-0.4393698591319295,-8.565291604096833,True,0.27748101688742854
PPP2R5A,BRD3,1,9.653303556666666,-8.607560023777806,-8.371975467621464,False,0.2795288695743214
PPP2R5A,SPDL1,1,10.387718356666667,-7.522050952803682,-7.933944727426599,False,0.28030775613490994
PPP2R5A,KLHL36,1,10.396609423333333,-2.3844206698207455,-7.9418049632169625,True,0.2807938005553662
PPP2R5A,DUSP1,1,9.593734134333333,-1.4594739116352078,-8.193078789394225,False,0.2814245547993978
PPP2R5A,RAD54L,1,9.595028243,-6.665354854496779,-8.22225614562616,False,0.28180082327732053
PPP2R5A,TMCO3,1,9.926672098666666,-3.12477792783033,-8.558306671473659,True,0.28187419319110707
PPP2R5A,YTHDF1,1,10.154931153333333,-3.085179218400533,-7.8115358849561645,False,0.2818883870798061
PPP2R5A,ZBTB17,1,9.612261621666667,-8.589847486457431,-8.298386563871379,False,0.282024382448215
PPP2R5A,MBOAT7,1,10.396523693333334,-1.8967138511576365,-8.434271200443671,True,0.2822956067092127
PPP2R5A,NELFE,1,9.914656046666666,-8.124569227676307,-7.816259742618336,False,0.28269051786306465
PPP2R5A,IPO9,1,9.754875685333333,-7.593665008210897,-8.48351420078103,False,0.2829326242639679
PPP2R5A,TLN1,1,10.122308876666667,-8.33923587789555,-8.568819913552051,False,0.2832625667852818
PPP2R5A,SMIM13,1,9.747644936,-1.8347692276654481,-7.893824737729021,True,0.28330313891040676
PPP2R5A,NUDT16L1,1,9.599685340666667,-7.8969935465167485,-8.267950340130785,False,0.2840138351588936
PPP2R5A,TANGO2,1,9.717382140666667,-7.924903474627692,-7.916273194942294,False,0.28434001708815704
PPP2R5A,ZUFSP,1,9.690387189666668,-6.3994375704235535,-8.432787931192358,False,0.2853870996951052
PPP2R5A,EIF4EBP2,1,9.623062414666665,-4.190279399014392,-8.034539342429365,False,0.2856207422156377
PPP2R5A,SDHAP2,1,10.022897394666666,-5.462564562385532,-7.794063936277486,True,0.2870545584902906
PPP2R5A,CUL2,1,10.511145443333334,-6.211672565537496,-8.207505161575263,False,0.28803967243676476
PPP2R5A,C9orf66,1,10.084877060000002,0.4567447453854379,-7.792401359342266,True,0.28880318293534296
PPP2R5A,PASD1,1,9.705741771666666,0.873989868462881,-7.917568045301325,True,0.2889367817697645
PPP2R5A,IL13RA1,1,10.187350700000001,-2.0765709452714707,-7.808804796820889,True,0.28921342716148546
PPP2R5A,AIP,1,9.587832298666667,-2.153763538418756,-8.25451975355689,False,0.2893571115397953
PPP2R5A,RHPN2,1,9.656969581333334,-2.2175798648469587,-8.403821709988595,False,0.2896237592110598
PPP2R5A,DUSP14,1,10.50036833,-6.465803081883017,-8.088209425943111,False,0.2899549971576499
PPP2R5A,C1orf52,1,10.267026233333333,-7.321389476834091,-7.835791464031018,False,0.29012811826029516
PPP2R5A,CDC40,1,9.841867185666667,-5.93725541592919,-8.543267054814006,False,0.29025105567673626
PPP2R5A,SF3B3,1,9.585356893666669,-5.156777547429247,-8.250628703349228,False,0.2903965937628421
PPP2R5A,COQ10B,1,9.995396013333334,-2.378359926172544,-7.79024217936657,False,0.29123620872059164
PPP2R5A,NSMCE2,1,9.990387534333335,-4.8591162811805,-7.789955307743401,True,0.29180468921202013
PPP2R5A,BAIAP2L1,1,10.487106096666666,-7.3552393603367845,-8.330384390618674,False,0.2923077760504342
PPP2R5B,ABCD1,1,7.720077134666667,-6.893659319080536,-12.111690451393194,False,0.06207854587525062
PPP2R5B,C10orf12,1,7.6743730186666665,-9.371726768537068,-11.897583451739026,False,0.125340770009103
PPP2R5B,SMCR5,1,7.681010896666667,-12.404463288335132,-12.201344577021855,False,0.13054579479072545
PPP2R5B,TIMMDC1,1,7.833429200333334,-9.35936446961775,-11.865728904422097,False,0.13419679329897474
PPP2R5B,PRR21,1,7.783473030000001,-8.604999949464466,-12.22968926213655,False,0.13587732857351653
PPP2R5B,EXT1,1,7.8093675156666675,-11.045428856625492,-11.820042926878894,False,0.1644482639897682
PPP2R5B,SLC2A12,1,7.60838124,-4.576572588055267,-12.24122107164582,True,0.17936362116579468
PPP2R5B,SYTL4,1,7.7620617780000005,0.31944716139185636,-11.794055385213632,False,0.18278118194088222
PPP2R5B,MAP2K7,1,7.9292143049999995,-7.87215404606139,-11.81886722179949,False,0.1885273976611846
PPP2R5B,RNPEPL1,1,7.7268977586666665,-9.017982207089153,-12.299006438655272,False,0.1894126295804357
PPP2R5B,PAGE4,1,7.724615374333333,-3.693218066211365,-12.30740619157356,True,0.19570304972538696
PPP2R5B,CMYA5,1,7.969765601,-10.45887957754627,-12.258873945004519,False,0.1963055577197898
PPP2R5B,SNORD74,1,7.462594974333332,-7.208976063529428,-12.085959722206386,True,0.1993694883464682
PPP2R5B,ZNF563,1,7.4550942476666675,-7.878878746569949,-12.026403055067734,False,0.20201883791369804
PPP2R5B,ENTPD1,1,7.4634751203333325,-7.952817727816706,-12.187712721084628,True,0.2228166709715333
PPP2R5B,LOC646626,1,7.532713067666667,-7.852641470018117,-12.272344747812074,True,0.22683558100222134
PPP2R5B,KIRREL3-AS2,1,7.4277228456666675,-11.02666133812067,-12.14242406095639,False,0.23018157851734244
PPP2R5B,IFT140,1,7.517469516999999,-7.418795973944319,-11.817920432929544,True,0.23188806887248303
PPP2R5B,CACNA1C-AS4,1,7.4509618280000005,-10.25649123392406,-11.885169263008374,False,0.23476679830764335
PPP2R5B,MTG1,1,7.770296342333332,-7.93940131460355,-11.720675307621805,True,0.23613072955732806
PPP2R5B,MDH1B,1,7.391374439,-9.645665188440809,-11.98996405518808,False,0.2443227678769101
PPP2R5B,MIR1267,1,7.383001251666666,-11.839675779941865,-12.084280346057701,False,0.24810972288223176
PPP2R5B,HOXC13,1,7.654017152333334,-1.0129655752635325,-11.709303127761277,False,0.2565813001054985
PPP2R5B,NUDT17,1,7.477584763333334,-7.410317122074539,-12.28536384781859,True,0.2576573903643067
PPP2R5B,PTGDR2,1,7.691369292,-8.922075256264561,-11.697279055031139,False,0.25906791992158884
PPP2R5B,DEFB106B,1,7.376914524666667,-8.890796201506907,-12.139976045133796,False,0.2598061245812976
PPP2R5B,LENG8,1,7.424064005666668,-12.539978922250677,-12.246053087765972,False,0.2657677178274267
PPP2R5B,PBX4,1,7.943114015,-4.40136398606663,-11.703390331107878,True,0.26843269427369926
PPP2R5B,C22orf23,1,7.416716314666668,-7.780674283793547,-12.262055712251597,True,0.27615169475874374
PPP2R5B,LRRTM4,1,7.362775549999999,-10.992400820944738,-11.899539761507304,False,0.2795001958382724
PPP2R5B,FAM49A,1,7.7981337506666675,-4.585768603805678,-11.660697023128568,True,0.2800964665712989
PPP2R5B,DCTN1-AS1,1,7.377073108333334,-11.231490681019773,-11.869319957141846,False,0.28062078521478223
PPP2R5B,PLXDC1,1,7.3723847476666675,-8.723439350710644,-11.876566523788231,False,0.28087179326582956
PPP2R5B,CXorf67,1,7.349001400666666,-7.988417604081282,-11.922559373425715,True,0.2817006625787331
PPP2R5B,CFAP73,1,7.334597691999999,-9.936430076693716,-11.936797288571702,False,0.2871918923747502
PPP2R5B,WNT9B,1,7.444133677666667,-9.602568080458287,-11.765341007637359,False,0.2912330823936149
PPP2R5B,MIR761,1,7.561910364,-10.32206782990364,-11.690179535078691,False,0.2916524820410261
PPP2R5B,LINC00854,1,7.461650282333333,-12.22126603117602,-12.338441782917284,False,0.29221848197523603
PPP2R5B,ATP10B,1,7.318862437666667,-11.695262486147685,-11.950981887967899,False,0.29403461194830727
PPP2R5B,LOC100130872,1,7.3105037013333325,-12.088833166703681,-11.961316766077761,False,0.2974614530172124
PPP2R5B,SLC8A2,1,7.401101084333334,-9.666745081996316,-12.294807579788017,False,0.2982062826108255
PPP2R5B,NEUROG1,1,7.297207122,-12.118971327066896,-12.077744102221953,False,0.300576192981859
PPP2R5B,PGAM5,1,7.345875503333333,-5.921133309342572,-11.858868240642074,False,0.301334669221073
PPP2R5B,KIF24,1,7.698664384333334,-10.778611572722541,-11.636842806995451,False,0.30157093095688864
PPP2R5B,NEPRO,1,7.455703034333333,-9.004587206656222,-11.73515074970648,False,0.30222151964442284
PPP2R5B,ARPIN,1,7.326165487666667,-11.871926245495311,-12.19951561329652,False,0.3037188238078561
PPP2R5B,ADAM7,1,7.288302637666667,-10.350719150175989,-12.059535633209798,False,0.3052887969363373
PPP2R5B,VWA7,1,7.286517770666667,-12.246570601247955,-12.061798770604188,False,0.3064617668374005
PPP2R5B,SLC38A4,1,7.2860008636666675,-12.176318144082785,-12.051801379737135,False,0.3065548444435477
PPP2R5B,KIAA1324,1,7.31237658,-8.55888019270526,-12.18313267817098,False,0.3074950409397945
PPP2R5B,PRR20C,1,7.288920225333334,-12.42961870710424,-12.108035392762213,False,0.30828751871158777
PPP2R5B,MIR106B,1,7.286844769999999,-8.85895013361583,-11.980235731924957,False,0.3094734507670494
PPP2R5B,C1orf54,1,8.273319591,-3.9381533981223416,-12.1277352657266,True,0.3119643414928284
PPP2R5B,TP53TG1,1,7.283796900666666,-11.08199574350031,-11.968497784545825,False,0.31273582474313066
PPP2R5B,GALNT13,1,7.272062055666666,-11.921933959811032,-12.052760372083922,False,0.31521245862339203
PPP2R5B,SCARNA15,1,7.276892623999999,-9.890003351668124,-11.970072914508327,False,0.31675467831084647
PPP2R5B,VRTN,1,7.291094758,-11.742625624399103,-12.174132520737619,False,0.3179476280009085
PPP2R5B,CDON,1,7.385222634333332,-9.629343780477258,-12.323348117634918,False,0.3189676869726671
PPP2R5B,PHOX2A,1,7.270442619000001,-11.31790925813065,-12.10183930541863,False,0.31898493680948997
PPP2R5B,FUT8-AS1,1,7.280011028666666,-11.161402305908956,-12.150329936322288,False,0.3198394551327981
PPP2R5B,SLC46A1,1,7.33864342,-6.782901588634171,-11.812594733965737,False,0.32173964418356377
PPP2R5B,BCL9,1,8.298654702666667,-12.138810636981217,-12.094324534577666,False,0.32369893181321907
PPP2R5B,TTC21A,1,7.284496231000001,-8.477111203024892,-11.891400120761112,True,0.326962045376122
PPP2R5B,WNT2,1,7.2953154253333325,-10.5149950915629,-11.867568630194942,False,0.3271128677287432
PPP2R5B,MIR1272,1,7.256574085666667,-10.447695021666014,-12.104499665698723,False,0.32776974637613393
PPP2R5B,FMN2,1,7.251144159666667,-9.623862737203124,-12.082560808082876,False,0.3293410493761078
PPP2R5B,INSL4,1,7.248811013,-11.861655575837162,-12.035787579743342,False,0.3296159188115133
PPP2R5B,GLIS2,1,7.266714023,-9.805589121535533,-11.92606573884802,False,0.32986371037616224
PPP2R5B,MBD3L2,1,7.322218495,-10.664408530418221,-11.813321275007086,False,0.33018278327557654
PPP2R5B,ECE1,1,8.128101139333333,-11.956429436663992,-11.701297109889259,False,0.33041565852725024
PPP2R5B,OXCT2,1,8.127310958666667,-3.6506163775193485,-11.699247848323036,True,0.33123216144587814
PPP2R5B,YIPF7,1,7.2865457283333335,-12.464056127842547,-12.217152771274815,False,0.3313420758516771
PPP2R5B,ZNF350,1,7.250826410333333,-8.300964778609632,-12.106230816773401,True,0.33147399756867363
PPP2R5B,MIR576,1,7.269283749,-9.208832103298487,-11.907668613524704,False,0.33209889959224187
PPP2R5B,OR52W1,1,7.251234550333333,-12.355124338930269,-12.122672421684463,False,0.33309176399667645
PPP2R5B,OR52B6,1,7.354279491333333,-11.96844575252103,-12.3226393562014,False,0.3336162767744839
PPP2R5B,PHEX,1,7.248677935333333,-11.564547656743896,-11.965006651829233,False,0.33462953673345497
PPP2R5B,UBTFL1,1,7.241945161333334,-10.702009382694213,-12.075696408876647,False,0.3346384572914058
PPP2R5B,B3GALT2,1,7.284329280333334,-12.179886254415763,-11.86107317311508,False,0.33524887646390883
PPP2R5B,ZNF750,1,7.244542386666666,-11.206044977784833,-11.954541885120436,False,0.33854514798778573
PPP2R5B,C12orf74,1,7.235813228333334,-12.310163689444037,-11.988520384724621,False,0.3400287859801316
PPP2R5B,SMTNL1,1,7.371934419666666,-11.957711570192346,-11.733036126377701,False,0.34007061345714995
PPP2R5B,CFAP61,1,7.274002381999999,-12.505552177096515,-12.223796747960733,False,0.3403902538293757
PPP2R5B,DUXA,1,7.264139845333332,-9.15906677901576,-12.20750324157627,False,0.3416915507182244
PPP2R5B,PTGIR,1,7.243789027333334,-12.23427674771241,-11.935396813345251,False,0.34196868457445745
PPP2R5B,MIR422A,1,7.229381538333333,-9.970311992475663,-12.076149298982253,False,0.34243498751317747
PPP2R5B,MST1,1,7.512976171999999,-11.040532381197997,-11.632128107326864,False,0.3433849311997891
PPP2R5B,CYP2B7P,1,7.238757203000001,-11.844275678650057,-12.144503413971497,False,0.343775868550298
PPP2R5B,TSSK1B,1,7.233203853333333,-12.203691891334996,-12.120378222048322,False,0.34383459174025655
PPP2R5B,PCP2,1,7.2658091706666665,-10.541863007790946,-12.22082543898621,False,0.3442608594989388
PPP2R5B,GC,1,7.273190489666668,-10.489484683342948,-12.235802302360371,False,0.3443354531588972
PPP2R5B,FAM218A,1,7.419111923,-9.103647959582359,-11.684711169564775,False,0.34491275232479107
PPP2R5B,CDY2B,1,7.240221917333334,-12.137424786161665,-11.930530167245598,False,0.3449567713079318
PPP2R5B,OR2J3,1,7.234771487333333,-9.083429285052222,-11.945729834269269,False,0.3457699198319367
PPP2R5B,RAET1L,1,7.252787338,-12.13712442546497,-11.88486246430111,False,0.3470873507094651
PPP2R5B,LY6G5B,1,7.242994253333333,-12.228734323008775,-11.908519944760263,False,0.34751352807931346
PPP2R5B,MIR1275,1,7.295481666000001,-9.71289734851012,-11.803412213566675,False,0.34814693642757216
PPP2R5B,MTMR7,1,7.227853889333333,-11.601642267463989,-11.945972040200685,False,0.34993236187201304
PPP2R5B,GPR6,1,7.245749387,-11.77823678303629,-11.885932371540889,False,0.35094653879152926
PPP2R5B,TMEM169,1,7.351302523333334,-11.963898911318156,-11.729586033413053,False,0.35134435234768835
PPP2R5B,IGFL1,1,7.239126755,-10.667164585910617,-12.187881268335872,False,0.35170893140775156
PPP2R5B,SNORD113-9,1,7.2642164996666665,-12.550103469818902,-12.243627008276354,False,0.3517605568683533
PPP2R5B,PON3,1,7.258442965666667,-11.388978763464976,-11.852747767019109,False,0.35239984491122506
PPP2R5B,ZNF286B,1,8.082647698666667,-3.168374251337023,-11.634652095569331,False,0.3529031283138649
PPP2R5B,MAGEB18,1,7.211550685333333,-9.395931654007951,-12.098337392029217,False,0.35492335668146957
PPP2R5B,MIR548O,1,7.218302648000001,-9.54652848283631,-11.948282418992394,False,0.3553984999906286
PPP2R5B,C12orf71,1,7.241122354333334,-9.71432960218913,-12.209083746616015,False,0.35548980694355914
PPP2R5B,KRT78,1,7.258032043666667,-11.034940612086318,-11.842835854525513,False,0.3555621355291235
PPP2R5B,GML,1,7.208583664999999,-11.196725232174964,-12.003515500880155,False,0.3557313557964186
PPP2R5B,MYL3,1,7.215946289333334,-10.710716476139114,-11.955212711786505,False,0.35587655055350476
PPP2R5B,ITIH4,1,7.225820848000001,-9.631273710370142,-12.171546849141656,False,0.356278921434067
PPP2R5B,FRMD7,1,7.239869042666666,-12.250127548573456,-12.20961023518492,False,0.356351628741043
PPP2R5B,KRTAP5-9,1,7.205315621,-11.840761846724632,-12.043599156072025,False,0.3565419148638174
PPP2R5B,IVD,1,7.279069752000001,-9.894086527131455,-12.284634918936462,False,0.3571747034064724
PPP2R5B,MIR483,1,7.242265261,-11.764390708757684,-11.86815786917162,False,0.35744135147589495
PPP2R5B,CHST8,1,7.287300395,-12.073192948003884,-11.788503345877555,False,0.35808830001907654
PPP2R5B,TRIM46,1,7.333888860666666,-12.050699999522895,-12.354939903319679,False,0.3582130225239822
PPP2R5B,TTC7B,1,7.626150663,-10.777274119727423,-11.570813286500938,False,0.3585096563360022
PPP2R5B,HTR2B,1,7.259646517999999,-9.825750887604489,-12.25728466469036,False,0.3585693675501346
PPP2R5B,RASGRP1,1,7.249366348333333,-6.317592633239246,-11.849141218709212,False,0.35861280508035864
PPP2R5B,KLKB1,1,7.213828562333333,-11.599060576316516,-12.142775237850472,False,0.35863709651047954
PPP2R5B,CD209,1,7.208644158333333,-12.256622143214718,-11.963386470232306,False,0.35930699100040364
PPP2R5B,GCM2,1,7.2271137183333325,-11.902620991649709,-11.896025793882616,False,0.3596013805228932
PPP2R5B,SCIN,1,8.354982713333333,-1.3651443642923804,-11.970974841905548,True,0.36046158354347896
PPP2R5B,GPR78,1,7.202626363666667,-10.345143650892261,-11.986673624254507,False,0.3606287213910091
PPP2R5B,SNORD108,1,7.212040659,-10.703157545845135,-12.151545157874072,False,0.3610667540830229
PPP2R5B,ADH7,1,7.2624980636666665,-12.383528091869168,-12.271503799720286,False,0.3616393807659754
PPP2R5B,VNN1,1,7.222504374,-11.99930745734241,-11.898317048638459,False,0.36183429676982914
PPP2R5B,CCDC190,1,7.215450685,-10.939153892269927,-11.917475445691526,False,0.3622026465402239
PPP2R5B,C1orf106,1,7.241158828666666,-10.288163559932542,-11.852234693970855,False,0.36241308291600277
PPP2R5B,TMEM71,1,7.210593517333333,-11.364995920026566,-11.930436400057383,False,0.36283947372195574
PPP2R5B,CES1P1,1,7.216439905333334,-10.693636355932329,-12.179099327714685,False,0.3633600776977492
PPP2R5B,PIWIL1,1,7.198703056666667,-11.946806495407241,-11.981572805514249,False,0.363492791931614
PPP2R5B,MIR634,1,7.2034287546666675,-10.223916492894066,-11.954800165624002,False,0.3635674998547138
PPP2R5B,CXorf66,1,7.197876151,-9.521831007204188,-11.985734879880765,False,0.3636346633187638
PPP2R5B,NRG4,1,7.565474807,-5.247739928706704,-12.50719889694951,True,0.36386627010236633
PPP2R5B,OR6B2,1,7.189032336333334,-10.805296575842403,-12.062240964838022,False,0.36689032808561434
PPP2R5B,MIR192,1,7.216738607333333,-9.063093955160065,-12.19935062189422,False,0.3674870066894978
PPP2R5B,CUL7,1,7.714494221,-11.074473204270696,-12.545310229413213,False,0.36872841877853896
PPP2R5B,THBD,1,7.186349919666667,-10.633209768016771,-12.014353186171554,False,0.3689305489671348
PPP2R5B,MIR451A,1,7.207743615999999,-12.21555723225283,-11.906059442832639,False,0.3690133230638747
PPP2R5B,PRG1,1,7.246611533666667,-10.384766248451522,-11.820107063967301,False,0.3690715635877716
PPP2R5B,SNORD92,1,7.1950773613333325,-12.470414228455445,-12.149442869517417,False,0.37101886427980485
PPP2R5B,WDR3,1,7.6475481720000005,-6.885569760277677,-11.547662564209917,True,0.3716798554366418
PPP2R5B,BCL3,1,8.097303942666668,-8.381244687037313,-11.611634818813492,False,0.3719820629877713
PPP2R5B,EPHX3,1,7.393261843333334,-9.10735740383046,-12.433119285136748,False,0.37219077012813595
PPP2R5B,ITGA10,1,7.339920700666667,-10.744392118915782,-12.391439032899351,False,0.37295866860800436
PPP2R5B,OR2C1,1,7.185667817333333,-10.677689084483928,-12.120834912626112,False,0.37300555021101733
PPP2R5B,KIF17,1,7.223566152,-10.15855218890712,-11.848037670647011,False,0.373665084803969
PPP2R5B,WDR73,1,8.322626459666667,-8.051387205822742,-11.821229788103276,False,0.37367278876271354
PPP2R5B,C20orf141,1,7.313656299666666,-12.035192863315212,-11.719847125059381,False,0.37380088712157966
PPP2R5B,MIR499A,1,7.182571254333333,-11.871066965201262,-11.973676779547095,False,0.3741675464444696
PPP2R5B,KIRREL,1,7.191536539666667,-9.003456807674857,-11.929751327505896,False,0.3744681700355648
PPP2R5B,CTXN2,1,7.257414780666667,-11.975118581775444,-11.786044769394445,False,0.37493559349575295
PPP2R5B,SNORA14A,1,7.177675734,-11.710736168536132,-12.101796592209936,False,0.37608467034574494
PPP2R5B,NCF1C,1,7.247148858999999,-10.358036221913292,-11.797823906586919,False,0.37627010871199346
PPP2R5B,ELOVL4,1,7.2944521543333325,-2.872503587969658,-11.73325483896711,False,0.3771219803828282
PPP2R5B,MIR643,1,7.252431833,-12.089819347165632,-11.785337753595392,False,0.377869239655516
PPP2R5B,GNA15,1,7.437062846333333,-9.888241793555727,-11.616330967824643,False,0.3779041282656196
PPP2R5B,CSN2,1,7.182082295,-11.505326091734792,-11.938963938112089,False,0.37876966094583675
PPP2R5B,LINC00028,1,7.179837499666667,-12.45903862682665,-12.139971816574263,False,0.37892434423155763
PPP2R5B,C10orf142,1,7.201812626333333,-9.932608916869388,-11.874711170991901,False,0.3793803831926552
PPP2R5B,ARMC4,1,7.183178544333334,-11.829145813403041,-12.162785272673153,False,0.38035060032050205
PPP2R5B,GALNT14,1,7.166499173999999,-12.186810472970407,-12.06517103752139,False,0.3809389644033245
PPP2R5B,OR6C2,1,7.178167635333334,-11.91963152587052,-11.936764698943005,False,0.3814738703572929
PPP2R5B,KRT79,1,7.327980284666666,-11.983470969300146,-11.688197157343655,False,0.3822892207997396
PPP2R5B,SNORD35A,1,7.398682432666667,-10.828611869802062,-11.631124646849283,False,0.3832432981121673
PPP2R5B,MIR1302-1,1,7.167117685333333,-10.064434709634698,-11.976214057850086,False,0.3834214781430634
PPP2R5B,BPY2C,1,7.180679596666667,-11.407943634764429,-12.17258906355531,False,0.38355464219841995
PPP2R5B,MIR605,1,7.166062818333334,-10.172037978693735,-11.971976183740578,False,0.38448036495964893
PPP2R5B,SNORD93,1,7.1746633053333335,-11.921388882107683,-11.93030302119,False,0.38459131599599017
PPP2R5B,ADGRA2,1,7.287484764333333,-7.589600438395292,-12.367391514476626,False,0.38639114253939655
PPP2R5B,MSRA,1,8.402302062,-5.051563377921851,-12.071888246763573,False,0.3864152997974296
PPP2R5B,TRPC3,1,7.202950647333334,-10.573927405008419,-11.84078094675787,False,0.38750722681231387
PPP2R5B,CLPS,1,7.194483978,-11.610923669155026,-11.857078232805655,False,0.38802001116224094
PPP2R5B,BMP4,1,7.171727101666666,-12.11267901471862,-11.914060069392887,False,0.38908853239701274
PPP2R5B,MIR584,1,7.161969517,-9.217808456441013,-12.137725622512086,False,0.38952695453331465
PPP2R5B,SLC6A3,1,7.220456252666668,-12.181145709518642,-12.286113028028913,False,0.38971034620852807
PPP2R5B,HSFY1P1,1,7.3393551210000005,-10.232260029622985,-11.661334627784282,False,0.390922372126201
PPP2R5B,EDDM3B,1,7.228056234666667,-9.917959934820807,-11.783339196379837,False,0.39174537129820075
PPP2R5B,FLJ42969,1,7.3045474063333335,-10.39262199874826,-11.688267750482172,False,0.39304177556583986
PPP2R5B,ALS2CR11,1,7.168738945333334,-12.18145274820016,-11.898969426014942,False,0.39370449800581075
PPP2R5B,RFTN2,1,7.206431651,-7.984500355540063,-11.809257093805508,False,0.3949462334783035
PPP2R5B,TAS2R50,1,7.173549912333333,-12.531459960603577,-12.218186042689828,False,0.3972465785986714
PPP2R5B,FCHO2,1,7.937246863000001,-6.542869808245183,-11.516227764615847,False,0.39755427428610196
PPP2R5B,PNMA5,1,7.276036483333333,-7.679066367231631,-12.380900127303525,True,0.3980622942853882
PPP2R5B,TNF,1,7.184818925666666,-12.154518708421977,-12.24902323819526,False,0.39855421550443043
PPP2R5B,TBX4,1,7.172766716666666,-11.54272244210608,-11.863001646153974,False,0.39920567435934073
PPP2R5B,SIX1,1,7.254753865333332,-5.745637647769809,-11.727604464900987,False,0.39944039206448384
PPP2R5B,TRPC6,1,7.169801543333333,-11.8442198065753,-11.865894482248907,False,0.4002504769270462
PPP2R5B,PEG3,1,7.298005728666666,-10.123295836047165,-11.67847310314957,False,0.40082519187775084
PPP2R5B,HOXC12,1,7.154214923333334,-12.21119489707121,-11.90662084697145,False,0.40095545001312277
PPP2R5B,PLEKHG4B,1,7.166061131333334,-11.298107452928058,-11.871586362310753,False,0.4011219060460407
PPP2R5B,DNASE1L3,1,7.197035038333333,-12.23393061246128,-12.2817797570521,False,0.4013224177570338
PPP2R5B,GADL1,1,7.167171178333333,-12.116390131164101,-11.867749441416839,False,0.40135760146632976
PPP2R5B,MIR548A3,1,7.200107718000001,-12.579822148644963,-12.288318980702874,False,0.4017082999381079
PPP2R5B,LIN52,1,8.122795931333334,-11.593965670182708,-12.510895828943369,False,0.40207455825587857
PPP2R5B,PCDHGB4,1,7.297786613666666,-11.223248974296492,-11.675579498449597,False,0.4023370761793661
PPP2R5B,RIPPLY3,1,7.211574164666666,-11.220999081577224,-11.778563616372983,False,0.4023806418229981
PPP2R5B,INA,1,7.1760532973333335,0.7901355071664243,-11.84155296409676,False,0.40276322351730415
PPP2R5C,C1GALT1C1,3,7.965805640444445,-1.9117547086175386,-10.946126335898203,False,0.025528498672617146
PPP2R5C,ALG10B,3,7.973988078222223,-4.420996649367536,-10.916422904668357,False,0.033574543846155394
PPP2R5C,ANKZF1,3,7.943241391333333,-9.439430533330055,-11.011927506175986,False,0.06216270492073788
PPP2R5C,CT45A1,3,7.957326403555555,-5.8254854035994335,-10.851596050492873,False,0.0678915216929511
PPP2R5C,CTBP2,3,7.862053211444445,-7.311990211072464,-10.862136075781784,False,0.08452510947738319
PPP2R5C,SOCS4,3,7.917830857333333,-8.148419577262393,-11.051941470443966,False,0.09519088741168223
PPP2R5C,ZNF302,3,7.980851456333333,-10.95260181028652,-11.055144547434365,False,0.10294155785504298
PPP2R5C,RHCE,3,8.074735534666667,-2.393515243829309,-10.981706621364044,False,0.11983010683557689
PPP2R5C,SCYL3,3,7.977441259222221,-11.073400035290945,-10.77317557157407,False,0.1325546575676136
PPP2R5C,NEDD4,3,8.100539456222222,-5.562355240705876,-10.906669652425952,False,0.13677518290027302
PPP2R5C,DYRK3,3,8.094579247,-10.162149386187682,-11.007102520507983,False,0.14247292110370688
PPP2R5C,SP100,3,8.110224104555556,-3.0161900029883455,-10.93100330330759,True,0.1430309887552827
PPP2R5C,CASP7,3,7.772153221333333,-5.217805510248814,-10.989951260024535,False,0.14337614842854046
PPP2R5C,PJA1,3,7.77711304411111,-7.661595828112094,-11.013099147774113,False,0.14641138605249304
PPP2R5C,ATP11C,3,8.046190449333332,-6.23967391784728,-10.78310024056746,False,0.15037732125111397
PPP2R5C,TJP2,3,7.752791630222223,-3.7898345465346517,-10.926032188213922,False,0.1524488077898854
PPP2R5C,GNA12,3,8.130650981111112,-4.630865278798098,-10.96011387811272,True,0.16121601069445737
PPP2R5C,RAB43,3,7.865632344555556,-4.209432827888718,-10.74584475758533,True,0.1612928778069066
PPP2R5C,L3MBTL3,3,7.7439994709999995,-8.138987792189392,-10.873400603251742,False,0.16676330190225147
PPP2R5C,TRIM7,3,7.851594989666666,-6.66292030336396,-11.127286490301442,False,0.16934145926702174
PPP2R5C,WDR5,3,8.081349880555555,-4.984180492886705,-10.780733334866298,False,0.1707331823807192
PPP2R5C,FBXO32,3,7.754915972777778,-5.0153513784390995,-10.82918982351302,False,0.17224078452489722
PPP2R5C,SPATA7,3,7.893994817333334,-10.834576306944433,-11.15024004176904,False,0.17583000394133594
PPP2R5C,ICK,3,7.787580788555556,-8.322050965631778,-10.765306873088203,False,0.18269919559949635
PPP2R5C,NBPF22P,3,7.728756235222222,-4.2314157837691955,-11.027676187543616,False,0.18759965048555519
PPP2R5C,PVR,3,7.798493531555555,-8.323960841600108,-10.746600567672889,False,0.18832544588712793
PPP2R5C,RAPGEF1,3,8.080066649888888,-6.465542919789589,-11.12395416258858,False,0.19187686809113508
PPP2R5C,KCNMB3,3,8.021021341444445,-9.065852197484883,-10.70192230876538,False,0.1976362391646586
PPP2R5C,TCEA2,3,8.044239157333335,-10.638908254676988,-10.693758789060345,False,0.21103933079558007
PPP2R5C,LSS,3,8.138219648555557,-3.235939130344861,-11.123016949083942,False,0.22416052815907275
PPP2R5C,TRAF6,3,7.755319183,-7.091905226631741,-10.722931745582128,False,0.2256237044230687
PPP2R5C,PHC2,3,7.687592947333333,-9.837410127069129,-11.050637611469655,False,0.2261034780953204
PPP2R5C,AGPAT1,3,8.08013515788889,-6.186452957776799,-10.685367849124816,False,0.23080958237450377
PPP2R5C,TNRC6A,3,7.671420898666668,-10.670990705439554,-11.040841247346789,False,0.23542103615665197
PPP2R5C,DDR1,3,7.684996091333333,-8.722926533671629,-10.791415367667097,False,0.23736564724491252
PPP2R5C,HINFP,3,8.184997184555556,-10.27271985924827,-11.089528401473222,False,0.2392989698035119
PPP2R5C,HDAC7,3,7.659497802222222,-6.248098450121749,-10.827359599513041,False,0.24467709278624275
PPP2R5C,OGDH,3,7.726138310888889,-8.4223088243647,-10.716065253472072,False,0.24617735568764815
PPP2R5C,FBXW8,3,7.723175191888889,-7.410817490241246,-10.707289350408049,False,0.252869427011872
PPP2R5C,TOX2,3,7.740655418222222,-7.367581525904038,-10.689082433441788,False,0.2539733348436712
PPP2R5C,C6orf1,3,7.7090048748888895,-10.764335175275384,-10.71488838785633,False,0.2570336421181461
PPP2R5C,BTBD7,3,7.677569381444445,-7.86430359937636,-11.120003841193173,False,0.26061904244095885
PPP2R5C,FGF13,3,8.153737923555555,-4.231077173040317,-11.179335160201182,False,0.2649422551236456
PPP2R5C,ATP2B1,3,7.746337204444444,-10.181260690447603,-11.202652422541727,False,0.26575269407475355
PPP2R5C,RUFY1,3,7.988514406444445,-8.60182273468591,-10.592463309082332,False,0.2756019654152314
PPP2R5C,TRIM39,3,8.145511772555555,-7.486844845934652,-10.66316629105711,False,0.276194748802311
PPP2R5C,CARD14,3,7.678180321888889,-7.381701365113005,-10.712837446695634,False,0.27728979930370157
PPP2R5C,ARAP1,3,7.8992078204444445,-7.939843664219147,-10.587545699578449,False,0.2780040357747258
PPP2R5C,RARA,3,8.028145433999997,-6.913747066752425,-10.588308782414154,False,0.28569672241091254
PPP2R5C,PLAUR,3,7.931681952111112,-9.243666184640501,-10.574943628932928,False,0.28631016790329594
PPP2R5C,MYO19,3,8.232804796444443,-2.7677575371715175,-10.740994060400896,False,0.2887503744143814
PPP2R5C,ICE1,3,7.882107403333333,-8.777419052628078,-11.294467801742153,False,0.29069184500949996
PPP2R5C,FGFR4,3,7.683520762000001,-4.448210579593653,-11.18726860005845,False,0.29083715514284647
PPP2R5C,MIR99AHG,3,7.759220514222222,-8.662272403300598,-10.619260970315873,False,0.2908413119550163
PPP2R5C,RGS12,3,7.776509722666667,-10.545181949224876,-11.260070532051465,False,0.29164814322312277
PPP2R5C,RNF17,3,7.677660349888889,-3.768017654843533,-10.683406300586654,False,0.2930828941108514
PPP2R5C,KBTBD4,3,7.590721028777778,-7.324664282094798,-10.829542016607638,False,0.29811624011517657
PPP2R5C,RECQL5,3,7.652167099444444,-9.44542638877834,-10.700061542174039,False,0.30040616863062675
PPP2R5C,BPGM,3,7.575078807,-5.145539984114906,-10.89011665669145,False,0.30119477074610984
PPP2R5C,RELL1,3,7.727139569555555,-5.0835597837161455,-11.244091161900364,False,0.3018238015528086
PPP2R5C,ZNF331,3,7.586629975777778,-6.465431881736737,-10.821457045780388,False,0.30320886345082987
PPP2R5C,THRA,3,7.624365177333334,-10.101815937767844,-10.734668928281941,False,0.303411120548124
PPP2R5C,SREK1,3,8.311389657111112,-3.446097281665225,-10.924448450251168,False,0.3093135144611373
PPP2R5C,TAB1,3,7.817510777888888,-7.827277706392437,-11.304374955329843,False,0.311125932232097
PPP2R5C,DIXDC1,3,7.5906551451111115,-9.020647579160888,-10.77284935001516,False,0.31381517333288683
PPP2R5C,BAD,3,7.871040474444444,-5.385746011062127,-10.54556321169758,False,0.31446610847488143
PPP2R5C,TES,3,8.203286926888888,-5.2607008968445985,-11.217910216567505,False,0.3154034588521001
PPP2R5C,WIPF1,3,7.959146444555555,-10.696434070347454,-10.534373044690247,False,0.31912392034702464
PPP2R5C,AATK,3,7.550184309555555,-9.674902110066173,-10.927130586163383,False,0.3197587689469405
PPP2R5C,RABL2A,3,7.748699918222222,-6.813750486649054,-10.58221990687009,False,0.3207906700143795
PPP2R5C,SYNJ1,3,7.751381413555556,-10.413699554478523,-11.28774487141361,False,0.32084509068244405
PPP2R5C,C1orf116,3,7.730268664777778,-1.174841859001785,-11.275489801293032,False,0.3212356476501495
PPP2R5C,TGFBR2,3,7.607418104111111,-1.314499890354076,-11.147797620035794,False,0.3212361214351563
PPP2R5C,ZNF837,3,7.549486318444444,-11.00499492930799,-10.986126264630794,False,0.3229502983693944
PPP2R5C,FOXN3,3,7.933506630777778,-5.296873552214302,-11.34890078483739,False,0.3305053811454236
PPP2R5C,LRSAM1,3,8.152320760777778,-10.999958104695933,-11.285022208236374,False,0.3313277547157425
PPP2R5C,CPEB1,3,8.217525050444445,-7.196650945767016,-10.633252803708329,False,0.3334302749173873
PPP2R5C,TOR1AIP2,3,7.548786644888889,-8.569017390461838,-11.048415120424965,False,0.33352836299796057
PPP2R5C,ZNF706,3,8.097476677666668,-7.067334182735211,-10.549746149369463,False,0.33377104005697905
PPP2R5C,RNF217,3,8.33928697811111,-3.7068080004999904,-10.893229599618467,True,0.3338643397198553
PPP2R5C,ARHGEF11,3,7.537181407000001,-7.922729925550042,-10.840254245772076,False,0.33882345235845424
PPP2R5C,ARID4A,3,7.690772042888889,-10.8365632100348,-10.591767884848268,False,0.340426612672068
PPP2R5C,CPT1A,3,7.573269109666666,-7.1121141958399985,-10.71777388725183,False,0.34658659408127107
PPP2R5C,PDE8A,3,7.535034808888889,-5.960336729501481,-10.805575438257831,False,0.34767417077072676
PPP2R5C,TRIM37,3,7.957524217444444,-7.665923607234521,-11.370452261662397,False,0.3480739557141393
PPP2R5C,DGKD,3,7.644778284888889,-9.869801244307425,-10.617099097713758,False,0.3495652451839485
PPP2R5C,MXRA7,3,7.513873706333334,-4.236027608772337,-10.940346072662168,False,0.3497446352095215
PPP2R5C,BMP2K,3,8.28648431288889,-3.2577111051287546,-11.185169144253173,False,0.35116667977812926
PPP2R5C,SEC14L1,3,8.268624837888892,-3.8235634992155334,-10.6548054540881,False,0.35295504512034465
PPP2R5C,EGFLAM,3,7.812035493222222,-3.3013455208660494,-10.509530224725088,False,0.3538361346721973
PPP2R5C,DEPDC7,3,7.859878886,-9.42906742612764,-10.496601933574844,False,0.35449950022107707
PPP2R5C,ARRDC2,3,8.237428100666667,-5.333599389517587,-10.614946500577352,False,0.3553517607824803
PPP2R5C,MARK2,3,7.584767098444445,-11.369442220255635,-11.19016072016777,False,0.3554898250651331
PPP2R5C,BCL7A,3,7.509049697111112,-8.91652592282353,-10.86508793977816,False,0.3579555674543294
PPP2R5C,PLPP2,3,7.561428952666666,-7.571417015443583,-11.158162511339496,False,0.35807737876202084
PPP2R5C,LIG4,3,7.519839398888888,-8.356161493093722,-11.055504093052766,False,0.35808071534894814
PPP2R5C,MITF,3,7.581332691333333,-6.30252173838705,-10.677132299068157,False,0.3583019736599352
PPP2R5C,DUSP13,3,7.621467365222223,-9.727528101694086,-10.624800756859798,False,0.35889762331467906
PPP2R5C,TMPO,3,8.254903228222224,-4.826282780644856,-10.623616888089167,False,0.3608048546839867
PPP2R5C,ASB6,3,7.514220625777778,-8.553336020415665,-11.065612144300546,False,0.3647835405728311
PPP2R5C,BCAS4,3,7.6145253760000005,-6.619063773442786,-11.251973320102044,False,0.36767410416800167
PPP2R5C,CLSTN1,3,8.37307529577778,-8.241059456120402,-11.045485699406708,False,0.37094355367983106
PPP2R5C,SCML1,3,7.495578044444444,-9.221803758686749,-11.022562831834746,False,0.37156308307446945
PPP2R5C,CBX2,3,8.338628583777778,-10.03619829849654,-10.717958007034584,False,0.3738032305860238
PPP2R5C,GRIK1,3,7.5371138047777775,-5.173185913103405,-11.156594255199229,False,0.3750345330990051
PPP2R5C,PPM1K,3,7.837867342222222,-6.304352599042669,-10.47468806794908,False,0.37524174485531986
PPP2R5C,HERC4,3,8.297521937444445,-4.196106879829334,-10.647474499158461,True,0.37531434314340717
PPP2R5C,RBM43,3,7.961205388,-7.052132786552918,-11.409012416722407,False,0.3789169005936954
PPP2R5C,UBE2MP1,3,7.485167996888889,-7.6896995925364475,-11.020445359259359,False,0.3797025322251024
PPP2R5C,ARHGAP11A,3,7.580152364333333,-7.085734023015115,-11.249087417864557,False,0.3872610697055175
PPP2R5C,AP2A1,3,8.116079279222221,-4.2230865115061915,-10.483659791635235,False,0.38826924583643807
PPP2R5C,VWA8,3,8.404080798444445,-9.337092837368422,-10.853899648164962,False,0.3910681735653678
PPP2R5C,FABP5,3,7.918125286444446,-1.3712654461422593,-10.44365841488399,False,0.3912113582721204
PPP2R5C,DDX11,3,7.729106527222222,-9.137491677997906,-10.49122163816578,False,0.3926149601471169
PPP2R5C,IGSF11,3,8.223210643111111,-3.02126320610443,-11.336336006195276,False,0.3982124033365379
PPP2R5C,Sep-06,3,8.148679789444445,-6.530861779485229,-11.383670974566336,True,0.3985673587198251
PPP2R5C,SHOX2,3,7.471680677777779,-11.389591262639913,-11.07623593788253,False,0.4008868193272178
PPP2R5C,IFT81,3,7.560579600666667,-7.709924855141808,-11.258192846968932,False,0.40431013085478607
PPP2R5C,POT1,3,7.931430954222223,-8.510314037202148,-10.422939386987883,False,0.40743414788434384
PPP2R5C,EXO5,3,8.436451993,-4.371390159860082,-10.914145713318808,False,0.4128545198226733
PPP2R5C,PHF12,3,7.445827711888889,-11.217358695626247,-11.042182449986488,False,0.4149553122401241
PPP2R5C,MGAT4B,3,8.058525016555555,-9.03428901527347,-10.428545771180332,False,0.41523337873669147
PPP2R5C,ZNF155,3,7.443756365777777,-10.750932988127271,-10.821686480292815,False,0.4173833382760579
PPP2R5C,STEAP3,3,7.804231590666666,-8.308613616764767,-11.439801408448718,False,0.4176255714513595
PPP2R5C,SMG7,3,8.369159742333334,-6.668503606506409,-10.654347385424835,False,0.42087933152111995
PPP2R5C,HECTD2,3,7.659291561777778,-11.70066837150558,-11.37972360259364,False,0.4228032650772514
PPP2R5C,SOX5,3,7.441707023111111,-10.34421943672217,-11.078123230431121,False,0.4251047818872444
PPP2R5C,GOLGA6B,3,7.548550254444446,-6.915140530188377,-10.578958629570074,False,0.4280312512906637
PPP2R5C,RASA1,3,8.196109178,-7.711342196111533,-10.467927666700712,False,0.4287613790684023
PPP2R5C,FAM110A,3,8.093378178888889,-8.001678922922709,-10.416151685646787,False,0.4325289529789275
PPP2R5C,TAGLN,3,7.562666382333334,-6.6128915696272434,-10.551888648149035,False,0.43420741856698036
PPP2R5C,TYSND1,3,7.7298480629999995,-5.575683525429631,-10.433117316014291,False,0.43447640994017195
PPP2R5C,ATF3,3,8.425777257666667,-8.238787092754041,-10.73259870563061,False,0.43451088067754
PPP2R5C,FXYD1,3,7.470091551333333,-10.066004190465044,-10.673743565471042,False,0.4381548783739205
PPP2R5C,ADAMTS14,3,7.413895735333334,-7.289878014790498,-10.81571586401052,False,0.44250151947444494
PPP2R5C,GPATCH2L,3,7.6224260573333344,-6.533696833823508,-10.481032910956632,False,0.44498675575824703
PPP2R5C,SPPL2B,3,7.606984434111111,-9.609371316546662,-10.489546156431835,False,0.44716565679073195
PPP2R5C,ASAH2B,3,8.112429124666667,-6.752134794179343,-10.40195002074338,False,0.4481795500167994
PPP2R5C,DNHD1,3,7.4287195729999995,-10.722104803553343,-10.736925207979464,False,0.4485142264084811
PPP2R5C,MYO1C,3,7.546394689555555,-9.35979358104952,-11.327111572077223,False,0.44975004393587886
PPP2R5C,RNF38,3,7.806401740000001,-6.067552006922015,-10.383940458708043,False,0.45159359819038236
PPP2R5C,GTF2A1,3,7.387637658444444,-10.641357449827913,-10.895340297280907,False,0.4550630459120337
PPP2R5C,TULP4,3,8.19042280911111,-5.832167971603356,-10.422377723041532,False,0.4584097147270317
PPP2R5C,CLYBL,3,8.492448694777778,-8.209297479004286,-10.951248323577607,False,0.45901312486605633
PPP2R5C,GGA1,3,7.394687002999999,-8.376720896720231,-10.808788446736953,False,0.4591889731541462
PPP2R5C,SF1,3,7.811423314,-7.668951684402634,-10.372124163259308,False,0.4597871887399645
PPP2R5C,TVP23B,3,8.490105663555555,-8.383235690705153,-11.001832525515521,False,0.460045639708089
PPP2R5C,WDR89,3,7.440110625777778,-10.074510640819367,-11.195280759877482,False,0.46036006263154955
PPP2R5C,PDLIM7,3,8.24702217088889,-6.2647815303022085,-11.41483293577289,False,0.46072546756312616
PPP2R5C,CLCC1,3,8.463014384222221,-2.8455867949929368,-11.12674067429671,False,0.46079400376392987
PPP2R5C,NRF1,3,7.393837179444444,-8.456095815086346,-10.795281307577275,False,0.46233253581453854
PPP2R5C,VAPA,3,8.098311295555556,-8.475030891695885,-10.378097999189004,False,0.462717077167805
PPP2R5C,MEIG1,3,7.444053550222222,-8.798564195581777,-11.216136335738465,False,0.46525137256506
PPP2R5C,SREBF1,3,8.489514476666665,-6.495099678255575,-11.049440049251622,False,0.46553838220538124
PPP2R5C,NEBL,3,8.434365277888888,-1.4239510583524548,-11.213640532066863,True,0.4673018251538597
PPP2R5C,PANK1,3,7.825515177444444,-7.411809022197662,-10.358745644001713,False,0.467744885942832
PPP2R5C,ZKSCAN5,3,7.579699952555555,-10.631369312783363,-10.47559733897811,False,0.46985610264331706
PPP2R5C,PFKFB2,3,7.7393318503333335,-6.827687095327588,-10.379999395508012,False,0.4708960504076565
PPP2R5C,TIRAP,3,7.4443878678888895,-7.6436658225358025,-11.231825830844897,False,0.471178098644979
PPP2R5C,INPP5F,3,7.439934825333332,-9.866771274364147,-10.637250531041303,False,0.47407476289326317
PPP2R5C,ZNF451,3,8.333730389444446,-4.158759518810179,-11.365174109787352,False,0.4746951591764274
PPP2R5C,RCAN1,3,8.33882222388889,-3.9697854943281574,-10.505882943505497,False,0.4760645128336165
PPP2R5C,LRRC20,3,8.361750473999999,-2.96259431922252,-11.342697656716616,False,0.47860256903137227
PPP2R5C,DCAF11,3,8.135052644777778,-8.016343686959571,-11.499049499553408,False,0.4789262873414613
PPP2R5C,BEX3,3,7.4450107516666675,-10.238075956081378,-10.614650804616677,False,0.47975635034384484
PPP2R5C,EFL1,3,8.257241370666668,-6.14274373606153,-11.437600201927827,False,0.48051109678985127
PPP2R5C,LRRC45,3,7.721156281999999,-4.824947042565833,-10.373052857323929,True,0.48145319713291684
PPP2R5C,APP,3,7.395468948333332,-11.00019922950301,-10.710133105176062,False,0.48183854080843086
PPP2R5C,IL6ST,3,7.589750012111111,-8.354227199541302,-11.421987617918395,False,0.48321292509264
PPP2R5C,SYTL2,3,7.361015419555556,-9.297476570944955,-11.052951941266741,False,0.4853242306275887
PPP2R5C,GRHL1,3,7.367103749333334,-7.10446643416672,-10.767378497894263,False,0.4893730292226746
PPP2R5C,C1QTNF6,3,7.344467162333333,-8.678895985020056,-10.923762219012577,False,0.4897481261979175
PPP2R5C,BPTF,3,7.440740662555555,-10.72881732746795,-10.580237266808068,False,0.49776085972334005
PPP2R5C,CPLX2,3,7.377625814888888,-10.925245334653443,-10.700737632421522,False,0.4983081046309051
PPP2R5C,CD79B,3,7.42677820411111,-8.059936773419771,-10.599344043415659,False,0.49900322682565346
PPP2R5C,NDUFB4,3,7.396539104777777,-8.910294129548932,-10.653986678123365,False,0.49935633173799787
PPP2R5C,RBM19,3,7.333250053888889,-10.540337075465157,-10.86554819476186,False,0.5019341836769028
PPP2R5C,FBXO44,3,7.379246047333333,-9.339937042191842,-10.680507182665854,False,0.5033221435919643
PPP2R5C,TBC1D3B,3,7.351974263555555,-11.041928990073362,-11.117445330972096,False,0.5050518907636844
PPP2R5C,PATE2,3,7.617260907222222,-11.151281923127087,-11.474314702960545,False,0.5050963264655074
PPP2R5C,KLC2,3,7.404582078222222,-8.93991937155891,-11.249970388203193,False,0.5068906085399699
PPP2R5C,EPS8L1,3,7.394520579222223,-8.848468805704668,-10.624505637469163,False,0.5117545977676463
PPP2R5C,MGARP,3,7.335736675,-9.925750542757942,-11.096226102458616,False,0.5133972125596648
PPP2R5C,AJUBA,3,7.316371986555556,-9.590505023651817,-10.974425798588179,False,0.5138924865146519
PPP2R5C,MELTF,3,7.319590783555555,-8.723605582634205,-11.011311101320114,False,0.5139202587870007
PPP2R5C,NPFFR2,3,7.314748298666667,-8.178342009082002,-10.93366146278811,False,0.5142323579451001
PPP2R5C,HDLBP,3,7.331588777444445,-10.075426702136092,-10.783154782705743,False,0.5145898475003388
PPP2R5C,KCND3,3,7.324635006666667,-11.373866481477311,-11.053636618280185,False,0.5149393757443952
PPP2R5C,DIDO1,3,7.603315203444446,-8.638843140524752,-10.387855509431231,False,0.5153783258486665
PPP2R5C,SIGLEC12,3,7.314673691888888,-10.112163419274356,-10.979290007526727,False,0.5155487119733123
PPP2R5C,C1orf194,3,7.317835415444445,-10.483421528354544,-11.022162178697823,False,0.5164629162671215
PPP2R5C,PRX,3,7.323011547666667,-9.095124618208471,-10.787389025716788,False,0.520714261579268
PPP2R5C,CLEC10A,3,7.311124788888889,-11.328878007777531,-11.010521718729807,False,0.5207916642265783
PPP2R5C,SNAI3-AS1,3,7.402592303222222,-10.00180163723605,-10.587618257162294,False,0.5208934339902768
PPP2R5C,SBK1,3,7.306528934777777,-11.190315062941107,-10.918228364201537,False,0.5211782531806489
PPP2R5C,SFI1,3,7.3885387536666665,-10.898851848487407,-10.607929764002536,False,0.5225349236245871
PPP2R5C,JPH2,3,7.658917538666667,-9.49050934634851,-10.343799942553016,False,0.5236275697261408
PPP2R5C,C11orf80,3,7.761180122333333,-5.8400373350637445,-10.298170559604634,False,0.5272733035857504
PPP2R5C,HPS5,3,8.330577864111111,-10.728927509908118,-10.412165415152772,False,0.5279397887414672
PPP2R5C,GTF2I,3,7.735398424222222,-6.624356764950404,-11.564704538977894,False,0.5293906667216124
PPP2R5D,PAOX,3,8.581002520666665,-3.502581303664972,-9.457380616577625,True,0.04004628909125088
PPP2R5D,ZMYND8,3,8.63548201911111,-6.187078855103069,-9.347983451266975,False,0.06624528108457507
PPP2R5D,HINT3,3,8.702459081222223,-2.1118019000311468,-9.487761083741573,False,0.0812331843533841
PPP2R5D,GSTM1,3,8.724915736777776,-2.8379802485964944,-9.434724212551068,False,0.08549227134694604
PPP2R5D,AHCTF1,3,8.678885405777777,-5.659505970855747,-9.523404695853383,False,0.0883330283683062
PPP2R5D,USF2,3,8.728824323555555,-7.127439773972282,-9.40271837872845,False,0.09123180391129997
PPP2R5D,MUTYH,3,8.69752643422222,-3.9013098469628917,-9.517904145124684,False,0.094152888849954
PPP2R5D,TEAD4,3,8.492805141777778,-7.326826625553795,-9.46716403190144,False,0.11044991971247313
PPP2R5D,CIDECP,3,8.652590681333335,-9.598321754285408,-9.27759165574128,False,0.12401365682721453
PPP2R5D,ZNF74,3,8.776588833111111,-5.316405062754322,-9.373048634064,False,0.13585906112649984
PPP2R5D,RIOK1,3,8.580057815444446,-7.281094391998578,-9.59704037529484,False,0.13757558853610535
PPP2R5D,SPAST,3,8.644606045666668,-3.044378459657827,-9.255527142255609,True,0.14021596897219393
PPP2R5D,AMMECR1,3,8.631863659,-3.3080063254999486,-9.23379749786389,False,0.15646444846102184
PPP2R5D,CBX3,3,8.459167619555556,-9.408489722968243,-9.544741901292868,False,0.16242830238497113
PPP2R5D,AFTPH,3,8.440793495777777,-5.0736188362289685,-9.313330574801407,True,0.17585604355936527
PPP2R5D,CDK5RAP2,3,8.747456556000001,-9.495292955371113,-9.617122255296753,False,0.18191790102698363
PPP2R5D,AKAP11,3,8.51430595411111,-6.496864286804692,-9.230403424373145,False,0.18196736525769586
PPP2R5D,IDS,3,8.448658206222222,-5.661755406908285,-9.287112516229271,False,0.1826011209796893
PPP2R5D,SPRTN,3,8.628869724444444,-6.526978150692694,-9.66822732414817,False,0.190061203463326
PPP2R5D,FNDC3A,3,8.454964799555555,-3.7299024834667454,-9.265351975225729,False,0.19007181649048416
PPP2R5D,JAG2,3,8.477759774111108,-7.498087390795637,-9.235910995124858,False,0.19493337914093709
PPP2R5D,CCM2,3,8.858098130888889,-7.616611512502762,-9.417734556010398,False,0.19568054110975114
PPP2R5D,SF3B1,3,8.863961142666666,-3.439919295669481,-9.398923950120144,False,0.20179679124245375
PPP2R5D,FAM189B,3,8.622401625,-6.966640059374249,-9.68776799348404,False,0.20553810415136797
PPP2R5D,FBXO7,3,8.79320251211111,-9.113177547846673,-9.623086979819993,False,0.20935084393751377
PPP2R5D,TRAPPC2,3,8.404506764222221,-8.358116171436963,-9.289801149921152,False,0.21121753347764372
PPP2R5D,RBBP8,3,8.688691954333335,-5.268205103466433,-9.688052541606584,False,0.213110656104594
PPP2R5D,S100PBP,3,8.796564613777777,-9.947722044901898,-9.630310500363064,False,0.21547494737887207
PPP2R5D,CHEK2,3,8.570042385888888,-7.093612124874044,-9.151879756227627,False,0.22556325793966264
PPP2R5D,ALG13,3,8.452436808555555,-7.61177124627071,-9.204556221482145,False,0.2274986209695997
PPP2R5D,ELMSAN1,3,8.537837668888889,-8.97913866286005,-9.15090992805869,False,0.2327970512577476
PPP2R5D,DDX19A,3,8.897289277444445,-5.348847795826557,-9.503405510083647,False,0.23524332568361353
PPP2R5D,POFUT2,3,8.871227964333334,-3.7151838571502314,-9.588251796127938,False,0.24184787748380038
PPP2R5D,RASSF5,3,8.874066947555555,-8.499838789449703,-9.257351305024908,False,0.2498497138547239
PPP2R5D,TMEM218,3,8.562151559,-3.3304180625150233,-9.120526095762171,False,0.25133597544614755
PPP2R5D,METTL17,3,8.577416775777778,-10.026641756453282,-9.743045685187413,False,0.25223715191615675
PPP2R5D,UQCRB,3,8.580837316444445,-3.8353064787344584,-9.102517134623698,False,0.2630093571043092
PPP2R5D,DTX2,3,8.38597643588889,-7.844384323870132,-9.654774040697653,False,0.2645968239378498
PPP2R5D,ZC3HAV1,3,8.943055064666668,-3.655685169849863,-9.5112206710309,False,0.27343625900925567
PPP2R5D,DCTN1,3,8.716443786111112,-4.522999239594822,-9.759103076860342,False,0.27384755911370323
PPP2R5D,COQ6,3,8.363509607444444,-7.130974255464877,-9.649136548289418,False,0.2756657707563656
PPP2R5D,ALAS2,3,8.587013812555556,-1.5536551529919238,-9.778488599688465,False,0.2792935500760105
PPP2R5D,ABL1,3,8.645314283888888,-8.29636925002223,-9.07019102113482,False,0.2872820011778305
PPP2R5D,PHACTR4,3,8.335879535111111,-6.9526616362334535,-9.642778710913833,False,0.29069176124707635
PPP2R5D,NDUFAF7,3,8.913128445444444,-6.74028153958361,-9.634044229828971,False,0.29071756260833787
PPP2R5D,CYTH2,3,8.967419286444445,-3.798292183472094,-9.362320336244927,False,0.2907885605160804
PPP2R5D,FBXO22,3,8.608937115444443,-9.238190781112367,-9.060234047961307,False,0.2947291729369347
PPP2R5D,DBT,3,8.307469705555556,-9.398000532516008,-9.213933674435726,False,0.3113605237633122
PPP2R5D,USP1,3,8.870941586222223,-4.824476708737719,-9.724845773772143,False,0.3126064191253981
PPP2R5D,TFIP11,3,8.99677701088889,-7.022170738835337,-9.376167315577897,False,0.31295943734684606
PPP2R5D,REPIN1,3,8.997641497777778,-9.500200647354879,-9.47707120792043,False,0.31300683125999695
PPP2R5D,ATG9A,3,8.309780668,-5.466337523535656,-9.653254088603273,False,0.313126979174856
PPP2R5D,GGA3,3,8.665896500555554,-5.132893963123404,-9.035990032793688,True,0.3159964607381005
PPP2R5D,MAFG,3,8.42328459411111,-8.888737858037148,-9.770318832926975,False,0.3169375886730925
PPP2R5D,RECQL,3,8.753711707555555,-6.381233643091289,-9.051618014862115,False,0.32058123356013063
PPP2R5D,HLA-A,3,8.244013211555556,-0.45613140568277893,-9.32431025996299,False,0.323068080053124
PPP2R5D,ATP2B4,3,8.231526349777779,-5.269256663428314,-9.365625596212679,True,0.32628471237926476
PPP2R5D,MATK,3,8.940727297,-2.4627291991189004,-9.6723328756142,False,0.32693221295008806
PPP2R5D,XPO4,3,8.803482083222223,-5.865884744835101,-9.064601462566982,False,0.32758789276142913
PPP2R5D,SPN,3,8.359357728222223,-4.367034562261551,-9.741316211575151,False,0.32944793720206134
PPP2R5D,COLEC11,3,8.97173150411111,-0.39959929751976253,-9.22260508246337,False,0.33314590331781685
PPP2R5D,PALM,3,8.474549719333332,-7.254992677248504,-9.038292866079873,False,0.33483396711932734
PPP2R5D,TCERG1,3,8.551448455000001,-3.8143262221319816,-9.844884599903613,False,0.3357761238101018
PPP2R5D,KDELR3,3,8.849858962222221,-6.590160877293839,-9.78184540235939,False,0.33803463428774005
PPP2R5D,QRICH1,3,8.351662331888889,-7.293606074828791,-9.7489127714548,False,0.33819060962758574
PPP2R5D,LINC00152,3,8.224002891333333,-5.7662583714992035,-9.554313004967304,False,0.3431112224840564
PPP2R5D,LACTB,3,8.885619543888888,-3.7306324803319266,-9.09448547506532,False,0.34500079362433744
PPP2R5D,RRBP1,3,8.626676074222223,-3.221469670478339,-9.862980479611176,True,0.34518971979676116
PPP2R5D,ALKBH1,3,8.211743649222223,-6.032313122175853,-9.334425680042804,False,0.34702470448708517
PPP2R5D,TGM2,3,9.04219426888889,-3.447006645401422,-9.440312655767064,True,0.34764691333927483
PPP2R5D,GOLIM4,3,8.554618954555556,-5.24693996679372,-9.863307856627127,True,0.3498230664385966
PPP2R5D,ZNF322,3,8.651115051666666,-5.966617193297373,-8.991549199859781,True,0.3501330465027055
PPP2R5D,MRPL4,3,8.649696959555556,-4.675189667112067,-9.868757037518646,False,0.3505393845263887
PPP2R5D,BTBD3,3,8.209517798777776,-4.9413389877913305,-9.322954880469938,False,0.35092543771719076
PPP2R5D,ZMAT5,3,8.475490431222221,-8.57586432522107,-9.011760504061387,False,0.35435510108027957
PPP2R5D,NECTIN2,3,8.59412860311111,-10.178232740216325,-9.874582672295714,False,0.35513289994396363
PPP2R5D,IKBIP,3,8.221139283333335,-4.892463210958916,-9.254534227218105,True,0.3591173415033426
PPP2R5D,PRKAR1A,3,8.842550141777778,-9.275574322617764,-9.031594140137164,False,0.36614730747206775
PPP2R5D,JADE1,3,8.47185150277778,-3.799755241951769,-8.994393393773187,False,0.36839640151520975
PPP2R5D,SLC35C2,3,8.276223709111113,-7.868459365721165,-9.72366972498178,False,0.36909352362825976
PPP2R5D,SCRIB,3,8.710838763111111,-7.547693971559579,-8.974892762077141,False,0.369983014482559
PPP2R5D,ICE2,3,8.178312994222223,-7.7813879557339245,-9.34276429902557,False,0.3727293969303978
PPP2R5D,EBAG9,3,9.057871084444445,-4.82170814189895,-9.561868617192538,False,0.37553760009710063
PPP2R5D,NUDT9,3,8.213627859222221,-2.7882368594324585,-9.210738269842441,False,0.37957872478457977
PPP2R5D,KEAP1,3,9.082820993666665,-4.559693441142825,-9.456104025779142,False,0.3816875703021072
PPP2R5D,PPT2,3,8.170622988555555,-7.750939545084598,-9.535472955733674,False,0.3819559652986584
PPP2R5D,TMLHE,3,8.309779243,-4.134489108014742,-9.074081264108312,True,0.38305534743128916
PPP2R5D,ARL6IP4,3,9.030064505111111,-6.984043264105264,-9.1910826786243,False,0.3874614823675515
PPP2R5D,MRPL43,3,8.835212167333333,-5.975526989498699,-8.992165186617235,False,0.3909191641584633
PPP2R5D,ZNF830,3,9.083954280666667,-3.1331573104377672,-9.53423441229156,False,0.39100139101151177
PPP2R5D,AGBL5,3,8.699731884444445,-5.338103908563987,-8.935551162034741,False,0.3991661385260208
PPP2R5D,TPM3,3,8.224283767333333,-9.004810413316525,-9.137219678831087,False,0.40263490173750266
PPP2R5D,PIGN,3,8.632888096777778,-4.874173765297169,-9.93537576010814,False,0.4029644457790127
PPP2R5D,PRMT2,3,9.054591728333333,-3.1508403126539632,-9.195719862550956,True,0.40351498299594835
PPP2R5D,STAG2,3,8.314718773444445,-9.681060450906267,-9.827327311095845,False,0.4057082808109552
PPP2R5D,DHX40,3,9.083923667222223,-8.091818625314732,-9.601693502278474,False,0.4058282265546082
PPP2R5D,TADA2A,3,8.138338900666668,-8.143343043261579,-9.301062482988808,False,0.4122195571909393
PPP2R5D,TMUB2,3,8.544293725777777,-7.392456053392136,-8.915383418946524,False,0.4149155660051678
PPP2R5D,SLC41A3,3,9.041095066888888,-7.687324919280671,-9.716638196338955,False,0.41519939180443055
PPP2R5D,ZDHHC16,3,8.884805287444445,-8.2132325057536,-8.984126550019802,False,0.4165013436133431
PPP2R5D,ASPH,3,8.131576853444443,-2.9626653046174023,-9.306690586713367,False,0.4165534537233319
PPP2R5D,TET1,3,8.53813844111111,-3.1432742754590692,-9.946321994968754,True,0.4173084344464803
PPP2R5D,TERF1,3,8.121771599777778,-5.611175736748139,-9.506879064044442,False,0.4174659267356255
PPP2R5D,KIF1B,3,8.526738293888888,-5.910042199904993,-9.94572391076292,False,0.41849873954146705
PPP2R5D,GALE,3,8.267055324222222,-4.277793407984411,-9.809270059025161,False,0.42096072177795857
PPP2R5D,IL1RAP,3,8.417182286555555,-1.914160954158934,-8.945954065238169,False,0.4209630335762785
PPP2R5D,RPP25L,3,9.041044527111112,-2.3738012384648055,-9.125707313198234,False,0.42293295678774034
PPP2R5D,SLC39A4,3,8.115315980666667,-9.658949710561773,-9.337150829516697,False,0.42473479747287435
PPP2R5D,CMTM7,3,9.115376857222223,0.8237132702969465,-9.582888866217177,False,0.4258494507800698
PPP2R5D,CSNK2A1,3,9.02907304211111,-8.848509797964596,-9.097077922580054,False,0.42859463639911816
PPP2R5D,PAX6,3,8.169518809888888,-6.1845804000261175,-9.15872849440499,False,0.43146901202863647
PPP2R5D,AGAP1,3,8.164799844222221,-6.676133059056943,-9.159757448048051,False,0.4344414652928753
PPP2R5D,UBE2D2,3,8.345504225888888,-6.1161002792138435,-9.899515864513491,True,0.4382952424929027
PPP2R5D,PNKD,3,8.289900291444445,-7.4123883634984935,-9.861598034028514,False,0.43984487332817235
PPP2R5D,MSI2,3,8.186004546,-6.9366229532048855,-9.749264966485184,False,0.44078312033450373
PPP2R5D,RAD51,3,8.908064236888888,-4.519912553995217,-8.962863923284813,True,0.44105159380783443
PPP2R5D,CYP20A1,3,8.725480585666666,-6.1006163032296055,-9.972728252509137,False,0.44106158006261525
PPP2R5D,MPRIP,3,8.246396769666667,-9.033486860797824,-9.827481800523037,False,0.4432659273647959
PPP2R5D,TAPBP,3,8.444655647,-6.871716160472773,-8.90057873681278,False,0.44637916904932085
PPP2R5D,CLIP1,3,8.520393717111112,-5.211915790412258,-9.980605454205218,False,0.44678575330758985
PPP2R5D,SMAD5,3,8.377869224555555,-5.916905951465559,-9.933508023580929,False,0.44903338949986976
PPP2R5D,JUP,3,8.793505318222222,-5.997198628240075,-8.894502045798477,False,0.44965200382174986
PPP2R5D,RCC1L,3,8.091819922666666,-5.961944269044378,-9.291512832756656,False,0.4513444088293926
PPP2R5D,MBOAT1,3,8.081963020666668,-5.774059751224466,-9.33938600211464,False,0.4516094883999336
PPP2R5D,LMBRD2,3,8.165594131111112,-4.584624433234589,-9.744491699146085,False,0.4525362761538436
PPP2R5D,FAM86B1,3,8.361021233333334,-6.144576513661113,-8.928684623734837,False,0.453691648133427
PPP2R5D,RYK,3,8.674983717888889,-7.800478979938582,-10.003591416400383,False,0.4593431493585426
PPP2R5D,AHNAK,3,8.071075730222221,-5.3025636893373775,-9.333495989273672,True,0.4612498110146501
PPP2R5D,SRSF10,3,8.381364642777777,-5.3373132827411425,-9.952517875983474,False,0.46137457026499595
PPP2R5D,ZDHHC9,3,8.472827106222221,-4.5047167611013625,-10.000857588160091,False,0.471336923503693
PPP2R5D,SCAMP1,3,8.895954479444445,-5.305240120038264,-8.910150988354843,False,0.4721429883284292
PPP2R5D,SULT1A2,3,8.08028956411111,-4.662016421127775,-9.636016615985387,False,0.4764266264711527
PPP2R5D,GYG2,3,8.046615613999998,-4.007495363784603,-9.339234662029385,False,0.48048059468608156
PPP2R5D,MECOM,3,8.056559210333333,-4.806468294432251,-9.270206670365347,False,0.48383263968430584
PPP2R5D,ISY1,3,8.974463067222223,-6.7699315567555916,-8.945087031288013,False,0.48399818457347915
PPP2R5D,CYB561,3,8.675804249,-6.1309303829408,-8.821900975975378,False,0.48654195921903165
PPP2R5D,NCALD,3,8.92719098511111,-2.6170936361121666,-9.964076315079243,False,0.49498898795464075
PPP2R5D,POLR3G,3,8.283466390777777,-6.559122385323458,-9.943890775593038,False,0.49581467194205814
PPP2R5D,ERLIN2,3,8.539852469000001,-6.953915476713555,-10.046445521136013,False,0.4959816137329737
PPP2R5D,HIF1A,3,8.094294577777776,-4.094142726899065,-9.126188196060774,True,0.4983280486959939
PPP2R5D,TACC1,3,8.55301883311111,-7.096949415448145,-10.052413831577017,False,0.49934374480571014
PPP2R5D,MLLT10,3,9.187871279222223,-7.3523090385586025,-9.662926173516805,False,0.5034262659064098
PPP2R5D,SKA2,3,9.226379475333331,-6.398320598642331,-9.3382912218083,False,0.5050231818598365
PPP2R5D,TSC1,3,8.136503346000001,-8.115610510460883,-9.816152422072333,False,0.5053464165271543
PPP2R5D,EIF1AX,3,9.22289886511111,-6.768693852507698,-9.28543106064719,False,0.5100037510763215
PPP2R5D,ATXN1L,3,8.230515390333332,-6.441470937364009,-8.93411728385409,False,0.5103370726484772
PPP2R5D,GTF2IRD2B,3,8.877407702444444,-5.4460397824966105,-10.015864474152528,False,0.5126154445042632
PPP2R5D,STX2,3,9.082452003555556,-6.020276044508222,-8.997908382304024,False,0.5133199439655972
PPP2R5D,MED23,3,8.250169300333333,-8.081264614645994,-8.91328203105876,False,0.513428669915681
PPP2R5D,RCC1,3,8.697723752666667,-3.8181245707441738,-10.072857522142467,False,0.5162654022515378
PPP2R5D,BID,3,8.574026788333333,-5.895237679050622,-10.077123450866646,False,0.5173065075247926
PPP2R5D,ZNF16,3,7.998772897222223,-6.9468773978123615,-9.502778470658178,False,0.5178242289932211
PPP2R5D,DTNBP1,3,8.184858684666667,-5.436268776180892,-9.89853682434406,False,0.5193078669696405
PPP2R5D,BCAP29,3,9.134540397222223,-5.447488778653774,-9.04968891881299,False,0.5209823540201555
PPP2R5D,UQCC1,3,9.11486947611111,-4.412398987860136,-9.840194779347916,False,0.5225559403638339
PPP2R5D,MUC1,3,9.012107572444444,-1.5762937138159934,-8.903452809870439,True,0.5292396526412244
PPP2R5D,ARID4B,3,7.991067797777778,-9.044536249915653,-9.557300224010875,False,0.5307277759355157
PPP2R5D,LIG3,3,8.00736206711111,-7.178144825982184,-9.638703204719835,False,0.5340531037278694
PPP2R5D,ZNF473,3,8.327970773555556,-9.948923359131687,-10.030003833463624,False,0.536258404639484
PPP2R5D,PER2,3,8.077663702555554,-7.25671418613263,-9.798100128692186,False,0.5367060163015273
PPP2R5D,CALN1,3,8.479146797333334,-8.655916345110114,-8.772383070183555,False,0.5369814999272811
PPP2R5D,ATP2C1,3,8.367452727333331,-5.332697377633436,-8.80939879154379,False,0.5371605655837549
PPP2R5D,SERTAD3,3,8.062072880333332,-6.88463797497125,-9.77685688026044,False,0.538653108787078
PPP2R5D,SEPN1,3,8.400634926,-8.09163608054287,-10.066401937818924,False,0.5391088467777758
PPP2R5D,ZNF580,3,8.051882083444445,-6.218682404778264,-9.09898550870417,False,0.5394914852395938
PPP2R5D,SERINC3,3,8.843422647444447,-8.570452479796836,-10.06762706328137,False,0.5402959850483054
PPP2R5D,PMS2,3,8.264710233666667,-8.910807700364098,-9.998822589843899,False,0.5408422216664693
PPP2R5D,FAM207A,3,9.09219005288889,-3.846325171849824,-8.95562081768797,False,0.5422404763919499
PPP2R5D,CBY1,3,8.26948767311111,-3.9911759370416933,-10.00444964446008,True,0.5424803232755142
PPP2R5D,ZMYM3,3,7.985131103111112,-9.45855901100998,-9.255673490727714,False,0.5438341838041965
PPP2R5D,ASAP2,3,8.752482158777775,-4.442953489999459,-8.755937372628166,True,0.5478263445808795
PPP2R5D,NAAA,3,8.148919999777778,-5.198712577930134,-9.913228384749061,True,0.5485180308384415
PPP2R5D,ACOX1,3,7.9572307487777785,-6.604786685730053,-9.426336198784961,False,0.5488826026523321
PPP2R5D,RER1,3,9.278350672111111,-8.076337844035352,-9.540966014300844,False,0.5498420634401197
PPP2R5D,GNAS,3,9.267662714666669,-6.747243141085024,-9.621886429256575,False,0.5553367669290478
PPP2R5D,PCNX4,3,9.140464994111111,-5.942025834251732,-9.873621712357348,False,0.5557717672685784
PPP2R5D,TRMT11,3,8.409313689666668,-10.413616903332992,-10.0919115662368,False,0.5559762690887639
PPP2R5D,ULK1,3,9.294558280555554,-7.5265501223129245,-9.443689713938243,False,0.5561653437913114
PPP2R5D,UQCR10,3,9.085221482444444,-8.287761328994893,-9.943127209282771,False,0.5604203749755565
PPP2R5D,ABCF2,3,9.234512434555555,-6.978310845620833,-9.731259802784319,False,0.560517683607741
PPP2R5D,PROSER1,3,9.20454635,-6.919080185637002,-9.069257008769737,False,0.5608867856788676
PPP2R5D,TIA1,3,9.291018088444446,-5.1848020359733615,-9.551709771557398,False,0.5615911396104692
PPP2R5D,PHAX,3,9.037837805555556,-8.832756133092508,-8.870005237744703,False,0.5633286655691907
PPP2R5D,SMC2,3,8.725712630000002,-5.337064172689986,-8.72939654900473,False,0.5647849373284909
PPP2R5D,CSNK1E,3,9.306897233222223,-7.229029449238997,-9.418934420103616,False,0.5663174504073119
PPP2R5D,ST13P4,3,9.22354890677778,-5.8452645296985315,-9.088225319976349,False,0.5670159148475441
PPP2R5D,NACC2,3,8.421070985222222,-5.633484000771498,-10.111231823693117,False,0.5676974098945556
PPP2R5D,ARHGEF1,3,8.322176865666668,-5.880560753485214,-8.788030960297283,False,0.5681339630497871
PPP2R5D,PHF1,3,8.047198031666667,-9.305344575286062,-9.036956641748759,False,0.5685233077196905
PPP2R5D,BCL7C,3,8.825195738888889,-4.160845386711338,-10.115835525203748,False,0.5719720717076182
PPP2R5D,RRAGB,3,7.929237816888889,-8.185344966306188,-9.468360100554886,False,0.5728266492074
PPP2R5D,CRK,3,8.951554564111111,-5.060970236891303,-8.797132107376557,False,0.5732111966890715
PPP2R5D,CRTAP,3,8.72473831388889,-7.149310653138775,-10.141610898967869,False,0.5735760951343474
PPP2R5D,TMTC4,3,7.924346523222222,-6.692370966713256,-9.395068889541601,False,0.576711525000898
PPP2R5D,SLC26A6,3,8.355950982,-4.771337482186162,-8.753886706774752,False,0.5816563757480016
PPP2R5D,LCOR,3,7.925481257333334,-5.387088745605129,-9.302827072321026,False,0.5839476035413325
PPP2R5D,DCLRE1C,3,7.974388982111111,-7.2703850136370995,-9.123590602187026,False,0.5877638261014981
PPP2R5D,PIGO,3,8.015796387111111,-5.5041084666369455,-9.817802715268964,False,0.5882756811226978
PPP2R5D,CD36,3,8.00185918511111,-4.237305283316455,-9.800330099030548,False,0.5910259977817757
PPP2R5D,GMPPB,3,8.041129525555556,-6.434247221007945,-8.993875568496458,False,0.592181631532128
PPP2R5E,ARF5,1,10.780477203333334,-6.719452146162187,-9.045266955974338,False,0.020307160513869056
PPP2R5E,COMMD2,1,10.70128621,-2.7263837039174166,-9.089202884356945,True,0.03862176456967043
PPP2R5E,ELP3,1,10.799971903333335,-9.219502077808453,-9.024402374290224,False,0.038767361804733946
PPP2R5E,SPATS2L,1,10.683851080000002,-5.108519241471833,-9.076282743245597,False,0.043884397872018845
PPP2R5E,SLC39A1,1,10.753277033333333,-5.4450624842669635,-9.125244827359518,False,0.04960055407619876
PPP2R5E,GLOD4,1,10.660008436666667,-3.9011730212744906,-9.020034458397529,False,0.06269581965219816
PPP2R5E,PTPN1,1,10.808220446666667,-8.419172989228198,-8.983785389178706,False,0.0644279135978368
PPP2R5E,C20orf27,1,10.715343183333333,-8.93662437563013,-8.963475987222754,False,0.07209484763635506
PPP2R5E,GLTP,1,10.850008346666668,-6.075495955206886,-8.99350559310314,True,0.07712676146762863
PPP2R5E,MAGOH,1,10.801519406666666,-6.551738568700658,-8.957536076000856,False,0.07939734263459496
PPP2R5E,AGK,1,10.625615843333334,-9.301342908171419,-9.086974357199985,False,0.08072398483793096
PPP2R5E,ANKMY2,1,10.63757143,-0.3901554196242471,-8.972768348921813,True,0.09366494160133704
PPP2R5E,PDHX,1,10.59308516,-7.523775945859807,-9.018408992276152,True,0.10200818038215204
PPP2R5E,BYSL,1,10.607945843333333,-2.0314097670310587,-8.979026244117604,False,0.1056028888688741
PPP2R5E,BRK1,1,10.599365683333334,-5.916789311210503,-8.983022958113867,False,0.10862258865163796
PPP2R5E,HSBP1,1,10.580936186666667,-3.0706155645181865,-9.01516307684482,False,0.10990601116947277
PPP2R5E,SYNGR4,1,10.685263866666666,1.8053946281478508,-9.198441771600399,True,0.11083697603647637
PPP2R5E,CREB3L2,1,10.577259343333333,-5.048423104909638,-9.104693270195945,True,0.11317501368226382
PPP2R5E,TJAP1,1,10.563551206666666,-5.692910531427247,-9.038614844232443,False,0.11707611717343692
PPP2R5E,EIF3J,1,10.930668713333333,-6.511062009827779,-9.111851733284762,False,0.11832111805956937
PPP2R5E,HARS,1,10.803293963333333,-4.137483919707194,-8.899406447757874,False,0.1198972069901296
PPP2R5E,INTS10,1,10.876297796666668,-8.061288233272323,-8.925769495738566,False,0.12363746087050706
PPP2R5E,TACO1,1,10.693491159999999,-6.067862978424616,-8.894514562212064,False,0.12423625710472232
PPP2R5E,EIF2D,1,10.826235683333332,-4.016409740341909,-9.220277000756287,False,0.12783435444523375
PPP2R5E,GUCD1,1,10.668033056666665,-9.002810662979577,-8.886220609422514,False,0.13523938359533447
PPP2R5E,TTLL12,1,10.913001649999998,-2.3827786654486647,-8.933099902663574,False,0.1354287116526062
PPP2R5E,C5orf15,1,10.952981406666668,-5.805080235082628,-9.133381903187255,False,0.13702201954784837
PPP2R5E,RAB5B,1,10.528766123333334,-8.251852697022109,-9.064035867063579,False,0.13793032071185177
PPP2R5E,HARS2,1,10.526562023333334,-8.94305265168248,-9.021193303319842,False,0.14170131366436708
PPP2R5E,WAS,1,10.887382279999999,-3.9182050360539553,-9.214135832135492,True,0.1423756527650625
PPP2R5E,COPS4,1,10.524509923333333,-5.6711383822686505,-9.145074550649033,False,0.1544046508616053
PPP2R5E,TMOD1,1,10.79974481,-1.4252374638811107,-8.848601743489525,False,0.15551521343698202
PPP2R5E,DUS3L,1,10.693840183333334,-2.7475419033867188,-9.26465939011034,False,0.15554062742949248
PPP2R5E,ACBD3,1,10.498655863333333,-4.066233912942851,-9.050319152733266,True,0.15660526194306845
PPP2R5E,TRAPPC5,1,10.779189700000002,-3.97777254032407,-8.842389635568445,False,0.15805778259134365
PPP2R5E,PTGES3L-AARSD1,1,10.575266749999999,-7.851980140580055,-9.21707193829274,False,0.15967066946058936
PPP2R5E,ARL6IP5,1,10.60686401,-1.5979996996326584,-8.87469397358341,True,0.16066038825854614
PPP2R5E,WDR59,1,10.489325926666666,-9.384539137541474,-9.06261501417661,False,0.16235176875722443
PPP2R5E,GPSM3,1,10.926020633333332,-3.6449168012742175,-9.229615894832289,False,0.16618590150467658
PPP2R5E,HCLS1,1,10.74065206,-0.1299609723015692,-9.289348695777589,True,0.1696056478953684
PPP2R5E,DYM,1,10.67429935,-6.713923103661026,-8.832337951812017,False,0.17117853764932156
PPP2R5E,TMED1,1,11.027129233333334,-8.640841207807851,-9.065262296369552,False,0.17135279351080118
PPP2R5E,RPUSD2,1,10.56522917,-9.461322571296575,-9.232404636951454,False,0.17213484457451533
PPP2R5E,AKIRIN2,1,10.60873808,-3.9635738515254815,-9.261106846467932,False,0.17304016787186738
PPP2R5E,SRSF7,1,10.4707823,-1.976556697032914,-9.077022261935516,False,0.17439928220221856
PPP2R5E,CUL1,1,10.77310273,-6.4538324854585385,-9.299543048950971,False,0.17746207122405566
PPP2R5E,FHL3,1,10.66328069,-3.1736900649472104,-9.289831210852885,False,0.1783405195828709
PPP2R5E,DDX56,1,11.019988666666668,-7.104502223416408,-9.149264152522923,False,0.1798273203890974
PPP2R5E,TYK2,1,10.878421690000001,-7.563290706256125,-9.28148204081323,False,0.18180792023936762
PPP2R5E,MRPS26,1,10.572775263333334,-8.613140748797992,-8.857532265093658,False,0.18315088050698786
PPP2R5E,HSD17B7,1,10.897219356666668,-6.771007275392779,-9.282278447631299,False,0.18767948285007102
PPP2R5E,PIGK,1,10.912828450000001,-1.9879299366060394,-8.838399538359235,True,0.18887575664132047
PPP2R5E,PDCD2L,1,10.447394896666667,-3.545268046650993,-9.011062976385665,False,0.19133136820993132
PPP2R5E,EML4,1,10.469054796666667,-2.541905810419156,-8.947538777602542,True,0.19241807274026732
PPP2R5E,KNTC1,1,11.061935353333332,-3.750858871632882,-9.079632217850548,True,0.19352777686359893
PPP2R5E,PLEKHM2,1,11.047733746666665,-8.89078743358196,-8.958334388146865,False,0.19775495965422638
PPP2R5E,SARS2,1,11.047643129999999,-9.114163425494786,-9.17448231460887,False,0.20289982893733347
PPP2R5E,TSSC1,1,10.751486726666668,-6.847002387446777,-8.779585025585519,True,0.2029773375871364
PPP2R5E,CUL5,1,10.555746166666665,-2.716368933505593,-8.831097660621316,True,0.20495094060217728
PPP2R5E,CDC23,1,10.884438173333335,-4.886865781986761,-8.800152039491417,False,0.20536168946841113
PPP2R5E,POC1A,1,10.711853586666669,-2.1276797090496142,-8.775310717026716,True,0.20752634741891482
PPP2R5E,SRSF8,1,10.894821653333333,-2.9464560003166453,-9.315600949296112,False,0.2086869628526409
PPP2R5E,MGEA5,1,10.606258233333334,-8.23398689094016,-8.796479699364925,False,0.21071703014435178
PPP2R5E,XRCC5,1,10.48231988,-5.2235600954181,-8.880198715353384,False,0.21103010045272674
PPP2R5E,ENOPH1,1,10.94876094,-3.294277418673403,-9.299250868528134,False,0.21511044688668343
PPP2R5E,MSX1,1,11.001862626666666,-5.335357423280893,-9.262446655523094,True,0.2159977983241864
PPP2R5E,GOLGA6L6,1,10.590894673333333,-9.562448996236963,-9.320141598420758,False,0.2161481026021964
PPP2R5E,AP1M1,1,10.753265266666666,-8.275462640463456,-8.759869099455525,False,0.21738713803510587
PPP2R5E,CLPX,1,10.455667713333332,-5.1720147320780265,-9.220761319835413,False,0.21864391072000344
PPP2R5E,PFAS,1,10.753435736666667,-2.9069353179071427,-8.757009649407523,False,0.21947706300995923
PPP2R5E,SAP30,1,10.603383466666665,-7.003189155999847,-9.331146842931151,False,0.21998551859400284
PPP2R5E,RIPK2,1,11.103844356666665,-1.0669157852345426,-9.098469592920319,True,0.22088643906217273
PPP2R5E,WRAP73,1,10.931963150000001,-8.510938994751207,-9.323298941647128,False,0.22437540350227825
PPP2R5E,FEM1A,1,10.464823166666667,-2.738660752997106,-9.256346102873781,False,0.2294347331781541
PPP2R5E,OXA1L,1,10.9703989,-3.760935753049378,-9.31652266233277,True,0.233161336765396
PPP2R5E,PLBD1,1,11.100161426666666,-1.8229369579220507,-8.93702356832607,True,0.23372928589228548
PPP2R5E,C14orf93,1,10.521366996666666,-2.859224142380557,-8.802958201296285,True,0.23419225718359868
PPP2R5E,SYNCRIP,1,10.650244526666667,-1.9410317286623224,-8.746812660128956,False,0.23537207003270857
PPP2R5E,MCM5,1,11.12038293,-6.934958441288487,-8.982728444800351,True,0.23549993094506008
PPP2R5E,FAM32A,1,10.408104703333334,-4.507967037087851,-9.196411819666539,False,0.23569538695146583
PPP2R5E,TOR1A,1,10.872921550000001,-8.87927513961788,-9.363862422055213,False,0.23634866840966479
PPP2R5E,MRPS16,1,11.106843166666666,-9.235201221502857,-8.936243207240759,False,0.2377857386045301
PPP2R5E,SLC35B2,1,10.46665416,-7.875583591641018,-9.278707304167797,False,0.2392813742394001
PPP2R5E,C2orf47,1,10.91341814,-1.0363704130597844,-9.354902761259106,False,0.2395848423069654
PPP2R5E,PAFAH1B3,1,11.115873533333334,-7.791955626362288,-9.175879577794724,False,0.2422942334342155
PPP2R5E,TMEM60,1,11.022763576666668,-3.6293230148445548,-8.817389559352797,True,0.24322413117413028
PPP2R5E,MRPS31,1,10.788770636666667,-8.767884756067309,-9.390869354581259,False,0.24478316004057166
PPP2R5E,GTF2F1,1,10.50239286,-5.220333662962338,-8.793753587595988,False,0.24674412173551813
PPP2R5E,XXYLT1,1,10.571232916666666,-8.184290145976634,-9.359357065528647,False,0.2472116763300391
PPP2R5E,IFNGR2,1,11.149967959999998,-4.238801572129153,-9.067884889115433,False,0.24756355154901136
PPP2R5E,POLE2,1,10.551674153333334,-6.152850846414338,-8.763394020724935,False,0.24784689146865133
PPP2R5E,COPB2,1,11.151028796666667,-2.2527159872583886,-9.053103279332795,True,0.24812240127080948
PPP2R5E,R3HCC1,1,10.523000653333334,-6.773786089953729,-8.777945929703055,True,0.24836893820493583
PPP2R5E,TPP1,1,10.424411436666666,-9.15292774954849,-9.25500837604472,False,0.24876390561272643
PPP2R5E,SERPINF1,1,10.362661886666666,-5.540039788920127,-9.153564872166926,False,0.25090962692224383
PPP2R5E,MKRN2,1,11.041411236666667,-4.870155485805108,-8.818060248825223,True,0.2510357485828823
PPP2R5E,PEA15,1,10.983098930000002,-5.9675225176423385,-9.339402546263416,True,0.2513559619147018
PPP2R5E,YPEL5,1,10.37735539,-4.1912031200722755,-9.201193650422603,True,0.2544612242187253
PPP2R5E,RIC8A,1,10.356975273333333,-3.209786772028693,-9.154526011493326,False,0.25449236989514745
PPP2R5E,RENBP,1,10.478831263333333,-1.6551162613299024,-9.318105339186388,False,0.25453325949984734
PPP2R5E,CA11,1,10.362614966666667,-0.15019618973346957,-8.944821261857113,True,0.2545503635421441
PPP2R5E,UBXN2A,1,10.356405143333333,-3.7401809879096173,-8.955978078306693,True,0.25571841563328673
PPP2R5E,CHIC2,1,10.87086849,-8.493848074095323,-8.71872734550265,False,0.25836839662408484
PPP2R5E,CDK6,1,10.930161953333332,-8.306871415286547,-8.73664502788478,False,0.259358608932278
PPP2R5E,SDHAF2,1,11.164836613333334,-9.44338388559649,-9.12312062932271,False,0.2611217156530681
PPP2R5E,ANXA5,1,10.819355053333334,-5.058945792385144,-8.703904559791187,False,0.26172862202579084
PPP2R5E,RTN4IP1,1,10.669131603333334,-4.971382063712676,-9.4091084674003,True,0.26195688543415724
PPP2R5E,ARIH2,1,10.349346266666666,-6.552714952223917,-8.942544197865963,False,0.26287842724069216
PPP2R5E,ABCB7,1,10.328860896666667,-3.431300735892981,-9.016850995461894,False,0.26350222836347936
PPP2R5E,SDSL,1,10.54409596,-3.5536837866515794,-8.73592110002984,False,0.26765478842686674
PPP2R5E,ACTN4,1,10.819370783333333,-7.785007426935438,-8.695565267166442,False,0.26774468542026447
PPP2R5E,NOA1,1,10.760399040000001,-4.391608778678936,-8.690714651832154,False,0.26797388066004524
PPP2R5E,NGLY1,1,11.15861244,-2.1498122953536365,-8.92919238999539,True,0.26960027963903166
PPP2R5E,USP3,1,11.15616613,-8.949143804377508,-8.909489362580741,False,0.2735389389762751
PPP2R5E,SHPK,1,10.897949343333332,-7.127126966969601,-8.703809832278562,True,0.2739460019576308
PPP2R5E,PPP1R14A,1,11.023457923333332,-7.289629846206339,-9.354664603642219,False,0.2751961153004366
PPP2R5E,GGNBP2,1,10.386710766666667,-7.668461581690018,-8.841687721296875,False,0.2754860688918317
PPP2R5E,FOXRED1,1,11.10990775,-4.016267128839736,-8.834181970991189,True,0.2759471336569069
PPP2R5E,TBK1,1,10.41566455,-5.449503755630548,-8.807885791397995,True,0.27657628713717874
PPP2R5E,ASPM,1,11.14793924,-6.250716935493085,-8.883130350225267,True,0.2771614407244111
PPP2R5E,SH3GLB1,1,10.961547926666666,-0.8333435026088908,-9.395283285164354,True,0.2792913862883172
PPP2R5E,ZCCHC17,1,10.458821876666667,-8.887448436773683,-9.351912597831594,False,0.28134058315178395
PPP2R5E,MRPL53,1,10.30175366,-6.315087513129321,-9.116903618832158,True,0.2820180683853199
PPP2R5E,NEU1,1,11.023622096666665,-2.2941262024617015,-8.74626628094335,True,0.2833080790159695
PPP2R5E,WDR70,1,10.340928556666666,-7.465523029188144,-8.884244963317093,True,0.2840716970739812
PPP2R5E,HIST1H2BJ,1,10.522651133333333,-1.9343111632539738,-8.719836122796305,True,0.28440984995068497
PPP2R5E,BRAT1,1,11.134614233333332,-6.693217776003389,-9.271993035128009,True,0.28494549111336237
PPP2R5E,LPIN1,1,10.906620856666668,-8.564014749855145,-8.689686793017772,False,0.2854712496924601
PPP2R5E,SPPL2A,1,11.177902269999999,-2.8018855015030133,-9.213479818526299,True,0.28828941056410873
PPP2R5E,CRSP8P,1,10.831825369999999,-3.677607025138927,-8.668209385852085,False,0.28873789091270335
PPP2R5E,XPNPEP1,1,11.216982193333331,-3.8190236103579362,-9.05647530961909,True,0.2890098537598741
PPP2R5E,GRPEL2,1,11.218044606666668,-4.471593572000581,-9.031368023158139,True,0.2902911953752344
PPP2R5E,ZMYND19,1,10.39238206,-4.768548811163145,-8.798294413215142,False,0.29208607727059166
PPP2R5E,MCM2,1,10.48615098,-2.758388329455311,-9.391307735870273,False,0.2941312270171795
PPP2R5E,RAB8A,1,11.090418693333334,-9.658952377046504,-9.340119174177547,False,0.29494015403021306
PPP2R5E,WDR75,1,11.169554236666668,-1.2427209425544585,-8.86523602407542,False,0.2951260513792836
PPP2R5E,PBDC1,1,10.51028027,-1.9582782633205544,-8.708611376088218,False,0.2953541717263013
PPP2R5E,BCAT2,1,10.944395206666664,-1.6826297585988508,-8.68727437353341,True,0.2958299224240459
PPP2R5E,FAM234A,1,10.93802986,-3.4710350280384334,-8.681696185290583,True,0.2980013979004903
PPP2R5E,IKBKG,1,11.232720440000001,-0.31668769911038663,-9.057886185391615,True,0.29877067764936627
PPP2R5E,ZPR1,1,10.423125523333335,-4.676413526017852,-8.75700038783789,True,0.2992136478627422
PPP2R5E,DYNLT1,1,11.219647433333334,-5.642186002357872,-9.156310822495543,True,0.29951421839554504
PPP2R5E,ANKRD13A,1,11.218534163333333,-3.4858195663556546,-9.169449188138616,True,0.30130997755755456
PPP2R5E,SKIV2L2,1,11.235217966666665,-4.749380560168909,-9.095859431165508,True,0.30163219545050113
PPP2R5E,SMAD6,1,10.264505873333334,-3.956915836032836,-9.097970790007116,False,0.3032009706526841
PPP2R5E,NFXL1,1,10.30410801,-2.5585705764147217,-9.229182155956435,True,0.3042819478942418
PPP2R5E,NECAP2,1,10.26794003,-5.188827020822563,-9.1405470235898,True,0.3057165075364361
PPP2R5E,FAM178B,1,10.266095586666665,0.8399153069099727,-9.134119265550627,True,0.3059423742547651
PPP2R5E,SERTAD2,1,10.419089793333333,-4.827906066265413,-8.742065039907272,True,0.30896990350288184
PPP2R5E,CD2BP2,1,11.220016909999998,-7.5247513169469435,-8.912372633910136,True,0.30958727721471513
PPP2R5E,PRPF19,1,10.454878563333333,-2.624408229795713,-9.400757655693925,False,0.31093231131486193
PPP2R5E,PAAF1,1,10.785692166666665,-8.511820739185266,-8.632554182689773,False,0.31115016042185123
PPP2R5E,IST1,1,11.195890466666668,-6.848709134022818,-9.256095258027804,False,0.3117934841835475
PPP2R5E,PIGT,1,10.385747983333333,-4.409501392119264,-8.763872147789348,True,0.3119562374127058
PPP2R5E,THEM6,1,10.616314946666666,-1.4236959240613332,-8.64549770637411,True,0.3123294380733863
PPP2R5E,MYPOP,1,10.25123061,-1.5903943634710445,-9.000080804927101,True,0.31279631836610705
PPP2R5E,LMO2,1,10.603197176666667,-1.3544502022048768,-8.642818380596232,False,0.3164766298867989
PPP2R5E,POGK,1,10.916077843333333,-5.3930763734787055,-9.467964404876685,False,0.3169786549634073
PPP2R5E,KLHDC8B,1,10.684602636666668,-7.494153303854026,-8.62658263708821,False,0.3174525346377109
PPP2R5E,FARS2,1,10.245634546666667,-7.796308423816755,-8.983258990078761,False,0.3180970273427337
PPP2R5E,PRELID1,1,11.155373653333333,-5.072390287254313,-9.327995717672563,False,0.3193636745581717
PPP2R5E,RMDN3,1,11.25212509,-7.650924818314121,-9.16166802412094,True,0.32000892707316775
PPP2R5E,RAF1,1,10.246559806666667,-5.200304084739058,-8.962311814096749,False,0.3204971775492061
PPP2R5E,CXXC1,1,10.61990302,-4.953579501024316,-8.630899286149099,False,0.3220506675689643
PPP2R5E,ALKBH7,1,10.365874283333333,-3.223843809460483,-9.355326786268876,True,0.32318864299924527
PPP2R5E,PLSCR3,1,10.946536173333334,-7.539326098984642,-9.467644603506102,True,0.3233578831457853
PPP2R5E,TTC37,1,10.934682893333333,-6.328455881813294,-8.642844770763276,False,0.323601322778297
PPP2R5E,UBR2,1,10.246610246666666,-5.020090710956833,-8.924073470064235,True,0.32766008743559033
PPP2R5E,CTPS1,1,10.622163283333334,-3.803198202698964,-8.6161590121538,False,0.3321427498517235
PPP2R5E,SLC8B1,1,10.214357066666667,-8.736850289935093,-9.056692649162128,False,0.33285177447461683
PPP2R5E,HECTD1,1,10.274044133333334,-5.919524528448887,-8.846910106210565,False,0.3334162027014888
PPP2R5E,CTNNBL1,1,10.292054203333334,-5.190517673540472,-9.296670596450323,False,0.3340639936719731
PPP2R5E,TBC1D15,1,10.321202926666666,-9.008303914819203,-8.776107435461647,False,0.33660615023052665
PPP2R5E,BNIP2,1,10.620342153333333,-8.798169961188272,-9.505109649340278,False,0.3370205963197552
PPP2R5E,QDPR,1,10.631681873333333,-3.6218098503957323,-8.606142823890272,False,0.33790867041585104
PPP2R5E,MOCOS,1,11.298214199999999,0.39138834105401166,-9.079647950812038,True,0.33978132341460765
PPP2R5E,GON7,1,10.723407066666667,-6.143941901904214,-8.591018364820998,True,0.34118405864358203
PPP2R5E,CEP44,1,10.528999056666667,-5.466730324544008,-9.484655188685085,False,0.34120532512504886
PPP2R5E,C7orf49,1,10.30800173,-5.106457004028266,-8.779382991637865,False,0.3416989656261276
PPP2R5E,LYRM2,1,10.391474263333334,-5.151741409351906,-8.700143961121595,False,0.34330733226499116
PPP2R5E,EXOSC4,1,10.196265866666666,-2.2989141288598263,-9.044708915562577,False,0.3441968056652007
PPP2R5E,HNRNPUL2,1,10.727695203333333,-4.213694599749594,-8.584714931398803,True,0.3456624730088548
PPP2R5E,SLC7A1,1,11.22735151,-6.531286879196768,-9.306560674627898,False,0.34703150726969945
PPP2R5E,AUNIP,1,10.517066100000001,-6.863392376976673,-9.490522494944367,False,0.3481510961290361
PPP2R5E,COQ9,1,11.13053961,-9.63963064513325,-9.409901627756115,False,0.34892843981196503
PPP2R5E,INPPL1,1,10.20566459,-6.225138679050328,-9.175548695608974,False,0.349087318215777
PPP2R5E,ZBED1,1,11.12218706,-1.3543258689117452,-8.696239804415432,True,0.3501825739250451
PPP2R5E,CDKN3,1,10.635150096666667,-2.5920252769456136,-9.52818309966367,True,0.35141532818895793
PPP2R5E,PSMD1,1,10.61513065,-4.7114912333624615,-8.588445642881666,False,0.35284685237654617
PPP2R5E,KHSRP,1,11.27016521,-8.988007670863894,-8.853291668954137,False,0.3548498377297059
PPP2R5E,BCL2L2,1,10.503399773333333,-2.4461651213780162,-9.496621821051226,True,0.3557828792569086
PPP2R5E,ICAM2,1,10.848234156666669,-6.485737604472969,-9.537535241348902,True,0.355966870461416
PPP2R5E,PROS1,1,10.985419963333333,-7.9122851672983625,-8.611062105243334,False,0.3570496452819697
PPP2R5E,DDX18,1,11.300658136666668,-4.385101233069655,-8.90529534507954,False,0.3585624940452986
PPP2R5E,ADCY3,1,10.426371723333334,-6.480837830409461,-9.465027413040685,True,0.35951947854962374
PPP2R5E,PRRC1,1,10.214623243333333,-5.490098882876777,-9.247263110358626,True,0.36045423153573525
PPP2R5E,FAH,1,11.025724860000002,-1.110523287271854,-9.49590594067961,True,0.36289248490769016
PPP2R5E,NME3,1,10.438843180000001,-5.654366360717411,-8.636801014899413,True,0.363211956472945
PPP2R5E,ATP5SL,1,10.2349284,-4.853309226661342,-8.82043271890131,False,0.36391438442452756
PPP2R5E,SCARB2,1,10.957912076666666,-3.019047193895972,-8.590372564884632,True,0.3645580999806346
